OrderID,CustomerID,TransactionDate,Age,Gender,Region,ProductCategory,Quantity,UnitPrice,TotalSales,Segment
25795,129,2026-01-01 00:00:00,65,Female,West,Clothing,4,409.72,1638.88,At-Risk Customers
10860,134,2026-01-01 01:00:00,54,Female,East,Beauty,3,302.68,908.04,Loyal High-Spenders
86820,104,2026-01-01 02:00:00,32,Female,West,Electronics,3,202.88,608.64,Casual Buyers
64886,182,2026-01-01 03:00:00,52,Male,North,Electronics,3,241.98,725.9399999999999,Loyal High-Spenders
16265,222,2026-01-01 04:00:00,45,Male,West,Home,5,428.73,2143.65,Casual Buyers
92386,177,2026-01-01 05:00:00,24,Male,South,Home,3,176.6,529.8,Loyal High-Spenders
47194,161,2026-01-01 06:00:00,49,Female,South,Home,5,436.13,2180.65,Casual Buyers
97498,231,2026-01-01 07:00:00,28,Female,North,Beauty,5,53.19,265.95,Loyal High-Spenders
54131,188,2026-01-01 08:00:00,27,Male,South,Electronics,4,390.63,1562.52,Casual Buyers
70263,141,2026-01-01 09:00:00,26,Non-binary,South,Electronics,1,425.3,425.3,Loyal High-Spenders
26023,188,2026-01-01 10:00:00,31,Male,East,Home,4,99.09,396.36,Casual Buyers
51090,245,2026-01-01 11:00:00,30,Male,West,Clothing,4,220.87,883.48,Casual Buyers
77221,139,2026-01-01 12:00:00,42,Male,North,Home,5,91.09,455.45000000000005,Casual Buyers
74820,171,2026-01-01 13:00:00,19,Female,North,Beauty,5,356.24,1781.2,Casual Buyers
10769,138,2026-01-01 14:00:00,52,Female,North,Home,3,272.32,816.96,Casual Buyers
69735,203,2026-01-01 15:00:00,24,Male,North,Home,3,321.31,963.9300000000001,Casual Buyers
72955,113,2026-01-01 16:00:00,38,Female,North,Beauty,4,106.28,425.12,Casual Buyers
74925,131,2026-01-01 17:00:00,35,Male,South,Home,2,113.76,227.52,Casual Buyers
77969,224,2026-01-01 18:00:00,20,Female,East,Electronics,2,30.33,60.66,Casual Buyers
15311,196,2026-01-01 19:00:00,59,Female,North,Clothing,3,167.81,503.43,Loyal High-Spenders
93104,122,2026-01-01 20:00:00,56,Female,East,Home,2,284.27,568.54,Loyal High-Spenders
63707,162,2026-01-01 21:00:00,58,Male,East,Beauty,3,430.39,1291.17,Casual Buyers
95305,242,2026-01-01 22:00:00,66,Non-binary,South,Clothing,5,336.79,1683.95,Casual Buyers
38693,244,2026-01-01 23:00:00,28,Female,North,Beauty,4,223.34,893.36,Casual Buyers
81932,152,2026-01-02 00:00:00,56,Male,South,Clothing,1,477.03,477.03,Loyal High-Spenders
35658,203,2026-01-02 01:00:00,41,Female,North,Clothing,4,362.43,1449.72,Casual Buyers
94478,203,2026-01-02 02:00:00,63,Male,South,Home,3,465.78,1397.34,Casual Buyers
28431,138,2026-01-02 03:00:00,36,Female,East,Electronics,3,268.52,805.56,Casual Buyers
12747,233,2026-01-02 04:00:00,21,Male,North,Home,4,136.86,547.44,Loyal High-Spenders
69150,166,2026-01-02 05:00:00,43,Female,West,Beauty,3,35.89,107.67,At-Risk Customers
75725,234,2026-01-02 06:00:00,55,Female,East,Beauty,2,365.78,731.56,At-Risk Customers
94654,141,2026-01-02 07:00:00,59,Male,West,Clothing,2,69.44,138.88,Loyal High-Spenders
45773,114,2026-01-02 08:00:00,49,Male,East,Clothing,3,158.36,475.08000000000004,Casual Buyers
77435,210,2026-01-02 09:00:00,56,Male,South,Electronics,3,270.91,812.73,Loyal High-Spenders
66886,132,2026-01-02 10:00:00,62,Male,North,Home,2,286.56,573.12,Casual Buyers
76803,137,2026-01-02 11:00:00,63,Male,East,Beauty,3,304.29,912.8700000000001,Loyal High-Spenders
41551,196,2026-01-02 12:00:00,53,Female,South,Clothing,3,91.47,274.40999999999997,Loyal High-Spenders
21394,132,2026-01-02 13:00:00,57,Male,North,Electronics,4,196.07,784.28,Casual Buyers
79092,185,2026-01-02 14:00:00,54,Male,North,Beauty,1,312.43,312.43,Loyal High-Spenders
13890,165,2026-01-02 15:00:00,50,Female,East,Clothing,2,485.21,970.42,Loyal High-Spenders
51606,109,2026-01-02 16:00:00,53,Male,North,Beauty,4,366.54,1466.16,Loyal High-Spenders
90038,104,2026-01-02 17:00:00,20,Female,East,Electronics,1,462.08,462.08,Casual Buyers
97313,222,2026-01-02 18:00:00,26,Female,North,Electronics,3,383.48,1150.44,Casual Buyers
20627,173,2026-01-02 19:00:00,25,Female,West,Beauty,3,299.94,899.8199999999999,Casual Buyers
18792,196,2026-01-02 20:00:00,50,Female,South,Home,4,104.09,416.36,Loyal High-Spenders
83969,217,2026-01-02 21:00:00,23,Female,West,Beauty,3,336.68,1010.04,Casual Buyers
53001,137,2026-01-02 22:00:00,58,Male,East,Clothing,5,315.46,1577.3,Loyal High-Spenders
86552,240,2026-01-02 23:00:00,56,Male,West,Home,4,305.21,1220.84,Casual Buyers
33897,146,2026-01-03 00:00:00,21,Male,East,Clothing,1,250.0,250.0,Casual Buyers
78148,208,2026-01-03 01:00:00,30,Female,North,Beauty,4,269.04,1076.16,Loyal High-Spenders
33483,114,2026-01-03 02:00:00,66,Male,North,Home,2,173.88,347.76,Casual Buyers
58555,235,2026-01-03 03:00:00,19,Female,East,Clothing,4,264.46,1057.84,Loyal High-Spenders
27159,104,2026-01-03 04:00:00,22,Non-binary,West,Beauty,3,106.8,320.4,Casual Buyers
90077,146,2026-01-03 05:00:00,61,Female,North,Beauty,3,404.54,1213.6200000000001,Casual Buyers
45920,167,2026-01-03 06:00:00,44,Female,South,Home,5,101.03,505.15,Loyal High-Spenders
77121,175,2026-01-03 07:00:00,49,Male,North,Beauty,5,51.63,258.15000000000003,Loyal High-Spenders
79479,229,2026-01-03 08:00:00,38,Female,South,Electronics,5,223.76,1118.8,Loyal High-Spenders
99475,194,2026-01-03 09:00:00,25,Female,West,Clothing,1,332.57,332.57,Loyal High-Spenders
29457,214,2026-01-03 10:00:00,55,Male,South,Clothing,5,224.48,1122.3999999999999,Loyal High-Spenders
76557,135,2026-01-03 11:00:00,25,Male,South,Beauty,1,145.61,145.61,Loyal High-Spenders
87189,125,2026-01-03 12:00:00,67,Female,South,Beauty,5,283.5,1417.5,Casual Buyers
88953,142,2026-01-03 13:00:00,20,Female,South,Electronics,1,180.03,180.03,Loyal High-Spenders
62995,126,2026-01-03 14:00:00,61,Female,North,Home,4,467.11,1868.44,Loyal High-Spenders
50757,168,2026-01-03 15:00:00,20,Female,South,Beauty,4,462.1,1848.4,Loyal High-Spenders
19692,247,2026-01-03 16:00:00,39,Female,North,Beauty,3,256.16,768.48,Loyal High-Spenders
55758,110,2026-01-03 17:00:00,23,Female,South,Beauty,1,170.66,170.66,Casual Buyers
82409,173,2026-01-03 18:00:00,19,Male,East,Beauty,2,371.19,742.38,Casual Buyers
81211,203,2026-01-03 19:00:00,40,Male,West,Clothing,3,27.99,83.97,Casual Buyers
75697,137,2026-01-03 20:00:00,61,Male,South,Beauty,4,242.64,970.56,Loyal High-Spenders
47065,233,2026-01-03 21:00:00,19,Female,East,Clothing,1,174.8,174.8,Loyal High-Spenders
42606,122,2026-01-03 22:00:00,55,Female,South,Beauty,5,461.06,2305.3,Loyal High-Spenders
21534,146,2026-01-03 23:00:00,34,Female,South,Home,2,15.88,31.76,Casual Buyers
50397,189,2026-01-04 00:00:00,52,Male,South,Electronics,4,280.88,1123.52,Loyal High-Spenders
11016,145,2026-01-04 01:00:00,51,Female,East,Home,3,372.93,1118.79,Casual Buyers
99789,206,2026-01-04 02:00:00,40,Female,West,Beauty,1,247.66,247.66,Loyal High-Spenders
65591,239,2026-01-04 03:00:00,47,Female,East,Beauty,2,51.85,103.7,At-Risk Customers
99812,240,2026-01-04 04:00:00,69,Female,West,Beauty,1,486.51,486.51,Casual Buyers
33247,203,2026-01-04 05:00:00,25,Male,South,Home,5,263.83,1319.1499999999999,Casual Buyers
34300,210,2026-01-04 06:00:00,39,Female,North,Beauty,3,310.95,932.8499999999999,Loyal High-Spenders
84065,203,2026-01-04 07:00:00,61,Male,South,Home,1,125.94,125.94,Casual Buyers
92798,159,2026-01-04 08:00:00,53,Male,West,Clothing,4,246.91,987.64,Casual Buyers
19268,199,2026-01-04 09:00:00,22,Female,East,Electronics,3,220.28,660.84,Loyal High-Spenders
96807,167,2026-01-04 10:00:00,30,Female,South,Electronics,4,46.7,186.8,Loyal High-Spenders
22185,232,2026-01-04 11:00:00,46,Female,East,Home,1,62.02,62.02,Loyal High-Spenders
73704,219,2026-01-04 12:00:00,48,Female,East,Clothing,3,420.36,1261.08,Casual Buyers
96779,136,2026-01-04 13:00:00,64,Female,East,Home,4,127.51,510.04,Casual Buyers
49099,171,2026-01-04 14:00:00,33,Female,South,Clothing,5,105.53,527.65,Casual Buyers
18571,226,2026-01-04 15:00:00,59,Female,East,Beauty,5,257.41,1287.0500000000002,At-Risk Customers
48044,205,2026-01-04 16:00:00,47,Male,East,Clothing,1,386.69,386.69,Loyal High-Spenders
61214,191,2026-01-04 17:00:00,33,Male,South,Clothing,3,40.35,121.05000000000001,At-Risk Customers
71228,130,2026-01-04 18:00:00,29,Male,East,Clothing,2,292.64,585.28,Loyal High-Spenders
58984,221,2026-01-04 19:00:00,34,Male,South,Electronics,3,68.41,205.23,Loyal High-Spenders
50774,236,2026-01-04 20:00:00,33,Male,West,Clothing,5,27.87,139.35,Casual Buyers
12568,150,2026-01-04 21:00:00,29,Male,West,Beauty,4,35.84,143.36,Loyal High-Spenders
72592,128,2026-01-04 22:00:00,25,Male,West,Beauty,2,418.74,837.48,Casual Buyers
77563,139,2026-01-04 23:00:00,37,Non-binary,East,Beauty,1,67.81,67.81,Casual Buyers
12695,140,2026-01-05 00:00:00,20,Male,North,Clothing,2,32.12,64.24,Loyal High-Spenders
58190,110,2026-01-05 01:00:00,33,Female,North,Home,1,224.57,224.57,Casual Buyers
15258,100,2026-01-05 02:00:00,47,Male,East,Home,2,423.56,847.12,Casual Buyers
97538,145,2026-01-05 03:00:00,62,Female,North,Beauty,1,138.58,138.58,Casual Buyers
49504,200,2026-01-05 04:00:00,40,Male,South,Electronics,1,216.64,216.64,At-Risk Customers
43159,248,2026-01-05 05:00:00,45,Male,North,Home,2,29.56,59.12,Loyal High-Spenders
23986,189,2026-01-05 06:00:00,68,Female,East,Clothing,2,230.05,460.1,Loyal High-Spenders
71858,209,2026-01-05 07:00:00,57,Male,East,Home,1,293.03,293.03,Loyal High-Spenders
22666,156,2026-01-05 08:00:00,22,Male,South,Beauty,5,289.74,1448.7,Loyal High-Spenders
48660,100,2026-01-05 09:00:00,37,Male,West,Electronics,2,172.89,345.78,Casual Buyers
13561,162,2026-01-05 10:00:00,57,Male,East,Home,3,164.61,493.83000000000004,Casual Buyers
36854,154,2026-01-05 11:00:00,61,Male,South,Home,4,62.25,249.0,Loyal High-Spenders
74505,214,2026-01-05 12:00:00,18,Male,North,Beauty,1,189.73,189.73,Loyal High-Spenders
62251,242,2026-01-05 13:00:00,47,Female,North,Electronics,1,58.75,58.75,Casual Buyers
32662,248,2026-01-05 14:00:00,38,Female,South,Electronics,4,385.63,1542.52,Loyal High-Spenders
18392,152,2026-01-05 15:00:00,37,Female,South,Beauty,5,483.47,2417.3500000000004,Loyal High-Spenders
40535,236,2026-01-05 16:00:00,23,Male,East,Clothing,4,485.34,1941.36,Casual Buyers
88603,156,2026-01-05 17:00:00,39,Female,North,Home,2,433.88,867.76,Loyal High-Spenders
62256,216,2026-01-05 18:00:00,35,Male,South,Clothing,4,304.39,1217.56,Loyal High-Spenders
99135,134,2026-01-05 19:00:00,25,Male,North,Home,1,353.42,353.42,Loyal High-Spenders
45222,162,2026-01-05 20:00:00,56,Female,South,Home,4,149.75,599.0,Casual Buyers
87373,124,2026-01-05 21:00:00,49,Male,North,Clothing,3,319.08,957.24,Casual Buyers
89575,189,2026-01-05 22:00:00,50,Male,West,Beauty,2,233.27,466.54,Loyal High-Spenders
94651,174,2026-01-05 23:00:00,33,Female,East,Beauty,4,246.19,984.76,Loyal High-Spenders
73335,137,2026-01-06 00:00:00,29,Female,North,Home,1,381.31,381.31,Loyal High-Spenders
20965,229,2026-01-06 01:00:00,55,Female,West,Beauty,2,148.14,296.28,Loyal High-Spenders
34538,234,2026-01-06 02:00:00,69,Female,North,Home,1,165.84,165.84,At-Risk Customers
80592,190,2026-01-06 03:00:00,51,Non-binary,North,Beauty,5,463.07,2315.35,Loyal High-Spenders
18110,116,2026-01-06 04:00:00,31,Male,West,Home,3,37.55,112.64999999999999,At-Risk Customers
89309,227,2026-01-06 05:00:00,53,Male,North,Beauty,5,247.96,1239.8,Loyal High-Spenders
37266,207,2026-01-06 06:00:00,50,Male,North,Electronics,3,457.27,1371.81,Casual Buyers
62992,124,2026-01-06 07:00:00,40,Male,East,Clothing,4,309.08,1236.32,Casual Buyers
92948,187,2026-01-06 08:00:00,67,Male,West,Electronics,2,277.74,555.48,Casual Buyers
16910,128,2026-01-06 09:00:00,62,Female,West,Clothing,4,132.37,529.48,Casual Buyers
10206,162,2026-01-06 10:00:00,19,Female,South,Clothing,3,178.2,534.5999999999999,Casual Buyers
97054,249,2026-01-06 11:00:00,58,Female,North,Home,3,427.5,1282.5,Casual Buyers
97897,213,2026-01-06 12:00:00,38,Male,East,Clothing,3,284.02,852.06,Loyal High-Spenders
33419,148,2026-01-06 13:00:00,19,Female,North,Electronics,1,262.22,262.22,Casual Buyers
60636,180,2026-01-06 14:00:00,44,Female,North,Electronics,2,58.79,117.58,At-Risk Customers
60015,183,2026-01-06 15:00:00,26,Female,South,Beauty,4,17.85,71.4,Casual Buyers
64268,204,2026-01-06 16:00:00,18,Male,North,Electronics,4,482.21,1928.84,Loyal High-Spenders
97939,247,2026-01-06 17:00:00,28,Female,East,Beauty,5,194.72,973.6,Loyal High-Spenders
28141,217,2026-01-06 18:00:00,20,Male,East,Clothing,3,305.57,916.71,Casual Buyers
90356,185,2026-01-06 19:00:00,69,Male,South,Electronics,3,49.06,147.18,Loyal High-Spenders
81910,162,2026-01-06 20:00:00,40,Male,North,Clothing,3,344.73,1034.19,Casual Buyers
66044,203,2026-01-06 21:00:00,43,Female,East,Electronics,4,466.96,1867.84,Casual Buyers
77214,148,2026-01-06 22:00:00,21,Female,North,Electronics,5,292.08,1460.3999999999999,Casual Buyers
43827,170,2026-01-06 23:00:00,35,Male,North,Beauty,1,71.8,71.8,Loyal High-Spenders
65820,100,2026-01-07 00:00:00,23,Male,North,Clothing,2,295.04,590.08,Casual Buyers
72623,240,2026-01-07 01:00:00,52,Male,South,Electronics,1,385.51,385.51,Casual Buyers
91734,222,2026-01-07 02:00:00,39,Male,North,Home,4,209.14,836.56,Casual Buyers
85450,161,2026-01-07 03:00:00,60,Male,East,Clothing,3,441.12,1323.3600000000001,Casual Buyers
32299,131,2026-01-07 04:00:00,32,Male,North,Clothing,2,327.85,655.7,Casual Buyers
53585,128,2026-01-07 05:00:00,39,Female,East,Clothing,4,450.63,1802.52,Casual Buyers
74044,148,2026-01-07 06:00:00,54,Male,North,Beauty,4,315.52,1262.08,Casual Buyers
52557,129,2026-01-07 07:00:00,69,Male,East,Home,4,74.33,297.32,At-Risk Customers
59080,243,2026-01-07 08:00:00,59,Male,East,Clothing,2,161.75,323.5,Loyal High-Spenders
12693,118,2026-01-07 09:00:00,29,Female,North,Electronics,2,108.88,217.76,Loyal High-Spenders
79163,117,2026-01-07 10:00:00,64,Female,North,Electronics,5,455.32,2276.6,Loyal High-Spenders
35939,100,2026-01-07 11:00:00,66,Female,East,Beauty,5,382.6,1913.0,Casual Buyers
58925,177,2026-01-07 12:00:00,59,Male,West,Electronics,1,341.44,341.44,Loyal High-Spenders
52941,214,2026-01-07 13:00:00,55,Female,South,Clothing,2,157.47,314.94,Loyal High-Spenders
31834,212,2026-01-07 14:00:00,35,Male,West,Electronics,2,100.18,200.36,Loyal High-Spenders
28047,213,2026-01-07 15:00:00,62,Female,West,Clothing,2,380.66,761.32,Loyal High-Spenders
36105,162,2026-01-07 16:00:00,52,Female,North,Electronics,5,242.34,1211.7,Casual Buyers
85766,231,2026-01-07 17:00:00,47,Female,South,Home,4,120.64,482.56,Loyal High-Spenders
25707,228,2026-01-07 18:00:00,41,Female,West,Beauty,3,312.14,936.42,Loyal High-Spenders
31976,107,2026-01-07 19:00:00,59,Female,North,Beauty,5,29.76,148.8,Casual Buyers
54262,154,2026-01-07 20:00:00,47,Male,West,Home,2,169.82,339.64,Loyal High-Spenders
33776,202,2026-01-07 21:00:00,31,Female,West,Home,5,239.59,1197.95,Casual Buyers
40080,230,2026-01-07 22:00:00,23,Male,North,Beauty,1,82.5,82.5,Loyal High-Spenders
76842,131,2026-01-07 23:00:00,20,Female,North,Home,2,492.48,984.96,Casual Buyers
71373,109,2026-01-08 00:00:00,33,Male,North,Clothing,1,112.46,112.46,Loyal High-Spenders
16776,209,2026-01-08 01:00:00,24,Male,South,Electronics,2,73.87,147.74,Loyal High-Spenders
65016,223,2026-01-08 02:00:00,69,Male,West,Beauty,5,109.73,548.65,Loyal High-Spenders
19474,186,2026-01-08 03:00:00,31,Male,North,Home,4,386.84,1547.36,Loyal High-Spenders
68053,154,2026-01-08 04:00:00,26,Female,East,Clothing,3,218.5,655.5,Loyal High-Spenders
31959,131,2026-01-08 05:00:00,32,Female,West,Beauty,1,287.05,287.05,Casual Buyers
15530,234,2026-01-08 06:00:00,38,Male,East,Home,5,20.29,101.44999999999999,At-Risk Customers
13748,192,2026-01-08 07:00:00,52,Male,South,Beauty,4,26.87,107.48,Casual Buyers
23545,107,2026-01-08 08:00:00,19,Female,North,Home,5,228.45,1142.25,Casual Buyers
76199,164,2026-01-08 09:00:00,44,Male,East,Beauty,1,410.16,410.16,Loyal High-Spenders
44766,156,2026-01-08 10:00:00,19,Female,South,Clothing,3,443.77,1331.31,Loyal High-Spenders
83530,166,2026-01-08 11:00:00,52,Female,North,Clothing,5,52.49,262.45,At-Risk Customers
71087,171,2026-01-08 12:00:00,35,Female,East,Electronics,2,273.8,547.6,Casual Buyers
78840,153,2026-01-08 13:00:00,31,Female,East,Beauty,4,457.48,1829.92,Loyal High-Spenders
64384,166,2026-01-08 14:00:00,37,Male,South,Electronics,5,200.11,1000.5500000000001,At-Risk Customers
61005,150,2026-01-08 15:00:00,35,Female,North,Beauty,4,416.49,1665.96,Loyal High-Spenders
56576,196,2026-01-08 16:00:00,27,Male,North,Home,2,75.51,151.02,Loyal High-Spenders
49353,191,2026-01-08 17:00:00,42,Male,East,Home,3,468.34,1405.02,At-Risk Customers
72003,107,2026-01-08 18:00:00,19,Female,East,Electronics,3,378.2,1134.6,Casual Buyers
93211,134,2026-01-08 19:00:00,42,Male,East,Beauty,2,471.25,942.5,Loyal High-Spenders
62733,195,2026-01-08 20:00:00,50,Female,North,Electronics,4,341.54,1366.16,Loyal High-Spenders
75318,187,2026-01-08 21:00:00,53,Female,South,Clothing,5,188.07,940.3499999999999,Casual Buyers
99474,177,2026-01-08 22:00:00,48,Female,South,Electronics,2,469.71,939.42,Loyal High-Spenders
33664,131,2026-01-08 23:00:00,31,Female,North,Electronics,1,145.03,145.03,Casual Buyers
77172,219,2026-01-09 00:00:00,18,Male,West,Home,4,172.76,691.04,Casual Buyers
95616,145,2026-01-09 01:00:00,63,Male,South,Electronics,3,353.4,1060.1999999999998,Casual Buyers
36736,243,2026-01-09 02:00:00,33,Female,East,Beauty,2,385.0,770.0,Loyal High-Spenders
10854,241,2026-01-09 03:00:00,63,Male,West,Home,3,465.41,1396.23,Loyal High-Spenders
48623,154,2026-01-09 04:00:00,69,Female,West,Electronics,4,110.35,441.4,Loyal High-Spenders
17392,106,2026-01-09 05:00:00,20,Female,South,Clothing,3,401.02,1203.06,Casual Buyers
65680,173,2026-01-09 06:00:00,52,Female,West,Electronics,2,371.89,743.78,Casual Buyers
56717,106,2026-01-09 07:00:00,58,Male,West,Electronics,4,41.26,165.04,Casual Buyers
97092,184,2026-01-09 08:00:00,23,Male,South,Electronics,1,199.74,199.74,Loyal High-Spenders
60859,246,2026-01-09 09:00:00,42,Male,South,Home,2,148.56,297.12,Casual Buyers
36309,211,2026-01-09 10:00:00,30,Male,West,Beauty,5,159.2,796.0,At-Risk Customers
97455,224,2026-01-09 11:00:00,51,Female,East,Clothing,2,491.64,983.28,Casual Buyers
73734,246,2026-01-09 12:00:00,25,Male,North,Electronics,4,324.96,1299.84,Casual Buyers
80467,135,2026-01-09 13:00:00,38,Male,West,Beauty,2,361.66,723.32,Loyal High-Spenders
62662,128,2026-01-09 14:00:00,51,Male,West,Beauty,1,488.54,488.54,Casual Buyers
22688,181,2026-01-09 15:00:00,21,Female,East,Home,1,194.83,194.83,Loyal High-Spenders
35342,101,2026-01-09 16:00:00,42,Female,West,Clothing,5,402.9,2014.5,Loyal High-Spenders
47157,228,2026-01-09 17:00:00,32,Male,West,Home,3,222.92,668.76,Loyal High-Spenders
77863,146,2026-01-09 18:00:00,21,Male,North,Beauty,4,436.07,1744.28,Casual Buyers
62083,247,2026-01-09 19:00:00,62,Male,North,Beauty,4,98.52,394.08,Loyal High-Spenders
75733,110,2026-01-09 20:00:00,29,Male,North,Beauty,3,474.37,1423.1100000000001,Casual Buyers
99045,229,2026-01-09 21:00:00,49,Female,South,Home,1,117.2,117.2,Loyal High-Spenders
44698,218,2026-01-09 22:00:00,49,Female,South,Clothing,1,169.85,169.85,Casual Buyers
90623,239,2026-01-09 23:00:00,45,Male,North,Electronics,2,380.53,761.06,At-Risk Customers
32671,119,2026-01-10 00:00:00,30,Male,North,Home,5,202.94,1014.7,Loyal High-Spenders
35184,104,2026-01-10 01:00:00,48,Non-binary,South,Beauty,5,308.02,1540.1,Casual Buyers
52107,136,2026-01-10 02:00:00,31,Male,East,Home,5,227.84,1139.2,Casual Buyers
96202,236,2026-01-10 03:00:00,37,Female,West,Beauty,2,373.76,747.52,Casual Buyers
61663,152,2026-01-10 04:00:00,35,Male,West,Electronics,5,121.88,609.4,Loyal High-Spenders
25708,198,2026-01-10 05:00:00,46,Female,North,Electronics,3,38.64,115.92,Loyal High-Spenders
59811,185,2026-01-10 06:00:00,23,Male,East,Clothing,2,156.97,313.94,Loyal High-Spenders
12811,207,2026-01-10 07:00:00,49,Female,South,Beauty,3,242.41,727.23,Casual Buyers
66250,123,2026-01-10 08:00:00,46,Non-binary,North,Clothing,2,92.33,184.66,At-Risk Customers
82082,180,2026-01-10 09:00:00,60,Male,East,Clothing,5,183.85,919.25,At-Risk Customers
44754,219,2026-01-10 10:00:00,19,Male,East,Electronics,3,205.99,617.97,Casual Buyers
21411,158,2026-01-10 11:00:00,40,Male,East,Home,3,38.12,114.35999999999999,Loyal High-Spenders
12911,227,2026-01-10 12:00:00,36,Male,South,Home,3,295.82,887.46,Loyal High-Spenders
77270,213,2026-01-10 13:00:00,48,Male,South,Clothing,2,443.33,886.66,Loyal High-Spenders
93763,214,2026-01-10 14:00:00,68,Male,West,Electronics,4,84.35,337.4,Loyal High-Spenders
18680,113,2026-01-10 15:00:00,22,Female,West,Beauty,5,302.93,1514.65,Casual Buyers
94896,108,2026-01-10 16:00:00,36,Male,East,Home,3,335.72,1007.1600000000001,Loyal High-Spenders
93879,139,2026-01-10 17:00:00,51,Male,East,Clothing,4,215.47,861.88,Casual Buyers
81295,124,2026-01-10 18:00:00,27,Female,South,Home,5,353.54,1767.7,Casual Buyers
98614,202,2026-01-10 19:00:00,42,Male,West,Home,5,211.26,1056.3,Casual Buyers
21111,121,2026-01-10 20:00:00,19,Female,East,Beauty,3,257.27,771.81,At-Risk Customers
47504,103,2026-01-10 21:00:00,28,Male,West,Electronics,3,13.6,40.8,At-Risk Customers
11802,128,2026-01-10 22:00:00,67,Female,West,Beauty,2,348.94,697.88,Casual Buyers
18155,208,2026-01-10 23:00:00,48,Female,East,Electronics,4,334.06,1336.24,Loyal High-Spenders
83656,197,2026-01-11 00:00:00,32,Female,South,Home,4,28.82,115.28,Casual Buyers
49384,136,2026-01-11 01:00:00,26,Non-binary,East,Clothing,3,190.44,571.3199999999999,Casual Buyers
57254,174,2026-01-11 02:00:00,40,Male,East,Beauty,5,489.73,2448.65,Loyal High-Spenders
31918,169,2026-01-11 03:00:00,36,Non-binary,West,Electronics,3,216.16,648.48,Loyal High-Spenders
95981,245,2026-01-11 04:00:00,26,Male,East,Home,5,255.95,1279.75,Casual Buyers
70713,227,2026-01-11 05:00:00,52,Male,South,Electronics,5,455.87,2279.35,Loyal High-Spenders
40306,184,2026-01-11 06:00:00,38,Male,East,Electronics,3,361.46,1084.3799999999999,Loyal High-Spenders
26646,141,2026-01-11 07:00:00,26,Female,South,Electronics,1,295.21,295.21,Loyal High-Spenders
56843,199,2026-01-11 08:00:00,45,Male,South,Home,4,400.92,1603.68,Loyal High-Spenders
26371,140,2026-01-11 09:00:00,63,Female,West,Clothing,5,433.54,2167.7000000000003,Loyal High-Spenders
87371,133,2026-01-11 10:00:00,68,Female,North,Clothing,5,233.88,1169.4,Loyal High-Spenders
12049,116,2026-01-11 11:00:00,24,Female,North,Clothing,1,242.8,242.8,At-Risk Customers
41616,221,2026-01-11 12:00:00,33,Female,West,Electronics,2,199.16,398.32,Loyal High-Spenders
30932,175,2026-01-11 13:00:00,33,Male,East,Home,1,483.69,483.69,Loyal High-Spenders
39855,186,2026-01-11 14:00:00,50,Male,West,Electronics,1,351.61,351.61,Loyal High-Spenders
71434,216,2026-01-11 15:00:00,21,Male,South,Clothing,5,50.78,253.9,Loyal High-Spenders
82694,205,2026-01-11 16:00:00,21,Male,North,Clothing,4,432.85,1731.4,Loyal High-Spenders
53016,185,2026-01-11 17:00:00,56,Male,West,Home,1,245.47,245.47,Loyal High-Spenders
17400,126,2026-01-11 18:00:00,57,Male,East,Electronics,2,43.69,87.38,Loyal High-Spenders
52642,156,2026-01-11 19:00:00,34,Male,West,Beauty,3,279.36,838.08,Loyal High-Spenders
25151,130,2026-01-11 20:00:00,54,Non-binary,North,Beauty,1,214.41,214.41,Loyal High-Spenders
61407,233,2026-01-11 21:00:00,56,Female,West,Clothing,1,440.1,440.1,Loyal High-Spenders
76690,197,2026-01-11 22:00:00,69,Male,West,Home,2,109.96,219.92,Casual Buyers
14499,111,2026-01-11 23:00:00,46,Female,North,Electronics,4,414.97,1659.88,Casual Buyers
16295,152,2026-01-12 00:00:00,69,Male,South,Electronics,1,283.27,283.27,Loyal High-Spenders
69040,237,2026-01-12 01:00:00,53,Male,South,Clothing,1,36.76,36.76,At-Risk Customers
22183,244,2026-01-12 02:00:00,55,Female,North,Clothing,4,486.2,1944.8,Casual Buyers
39299,221,2026-01-12 03:00:00,56,Female,West,Electronics,2,261.18,522.36,Loyal High-Spenders
22874,145,2026-01-12 04:00:00,67,Male,North,Electronics,1,152.53,152.53,Casual Buyers
42711,163,2026-01-12 05:00:00,54,Non-binary,South,Clothing,4,240.01,960.04,Loyal High-Spenders
15539,229,2026-01-12 06:00:00,69,Female,East,Electronics,1,430.35,430.35,Loyal High-Spenders
63351,153,2026-01-12 07:00:00,52,Female,West,Beauty,3,159.4,478.20000000000005,Loyal High-Spenders
71267,206,2026-01-12 08:00:00,24,Female,South,Clothing,5,104.41,522.05,Loyal High-Spenders
58354,150,2026-01-12 09:00:00,44,Female,West,Electronics,3,73.24,219.71999999999997,Loyal High-Spenders
12557,135,2026-01-12 10:00:00,45,Male,North,Clothing,1,155.95,155.95,Loyal High-Spenders
48360,214,2026-01-12 11:00:00,39,Male,East,Home,2,392.22,784.44,Loyal High-Spenders
92018,125,2026-01-12 12:00:00,31,Male,North,Clothing,5,241.1,1205.5,Casual Buyers
12200,128,2026-01-12 13:00:00,24,Male,East,Clothing,3,121.47,364.40999999999997,Casual Buyers
78497,248,2026-01-12 14:00:00,54,Female,West,Home,4,91.43,365.72,Loyal High-Spenders
56975,110,2026-01-12 15:00:00,39,Male,West,Beauty,2,173.04,346.08,Casual Buyers
31357,139,2026-01-12 16:00:00,22,Non-binary,North,Electronics,3,470.56,1411.68,Casual Buyers
87505,110,2026-01-12 17:00:00,19,Female,East,Home,4,178.08,712.32,Casual Buyers
12869,212,2026-01-12 18:00:00,44,Female,East,Clothing,1,494.18,494.18,Loyal High-Spenders
71135,138,2026-01-12 19:00:00,38,Female,West,Electronics,4,247.76,991.04,Casual Buyers
60108,153,2026-01-12 20:00:00,55,Female,North,Home,3,97.79,293.37,Loyal High-Spenders
48467,197,2026-01-12 21:00:00,32,Male,East,Electronics,3,446.66,1339.98,Casual Buyers
33328,154,2026-01-12 22:00:00,38,Female,West,Electronics,1,235.57,235.57,Loyal High-Spenders
96831,210,2026-01-12 23:00:00,27,Male,South,Home,4,357.74,1430.96,Loyal High-Spenders
13987,249,2026-01-13 00:00:00,40,Female,North,Electronics,4,492.02,1968.08,Casual Buyers
68871,168,2026-01-13 01:00:00,56,Male,South,Beauty,1,34.59,34.59,Loyal High-Spenders
32399,155,2026-01-13 02:00:00,22,Female,North,Home,4,57.38,229.52,Loyal High-Spenders
56214,132,2026-01-13 03:00:00,18,Female,West,Beauty,1,363.02,363.02,Casual Buyers
96416,135,2026-01-13 04:00:00,30,Male,East,Clothing,2,148.09,296.18,Loyal High-Spenders
80271,247,2026-01-13 05:00:00,38,Male,East,Electronics,3,100.31,300.93,Loyal High-Spenders
54064,180,2026-01-13 06:00:00,43,Non-binary,East,Clothing,2,29.29,58.58,At-Risk Customers
80091,208,2026-01-13 07:00:00,67,Female,North,Clothing,5,20.7,103.5,Loyal High-Spenders
50818,172,2026-01-13 08:00:00,62,Female,West,Electronics,5,389.5,1947.5,Loyal High-Spenders
55525,139,2026-01-13 09:00:00,38,Female,South,Home,5,75.87,379.35,Casual Buyers
29830,116,2026-01-13 10:00:00,35,Male,West,Electronics,1,239.18,239.18,At-Risk Customers
27429,228,2026-01-13 11:00:00,54,Male,South,Clothing,4,306.89,1227.56,Loyal High-Spenders
16893,160,2026-01-13 12:00:00,62,Male,North,Clothing,2,219.89,439.78,At-Risk Customers
89909,203,2026-01-13 13:00:00,49,Female,North,Home,2,23.28,46.56,Casual Buyers
57333,141,2026-01-13 14:00:00,53,Male,South,Electronics,2,393.92,787.84,Loyal High-Spenders
13436,124,2026-01-13 15:00:00,34,Female,South,Clothing,2,15.15,30.3,Casual Buyers
84290,138,2026-01-13 16:00:00,52,Female,South,Beauty,5,383.33,1916.6499999999999,Casual Buyers
86213,134,2026-01-13 17:00:00,66,Female,West,Clothing,2,447.72,895.44,Loyal High-Spenders
15895,230,2026-01-13 18:00:00,28,Female,South,Clothing,4,222.09,888.36,Loyal High-Spenders
29738,207,2026-01-13 19:00:00,38,Non-binary,North,Home,5,272.42,1362.1000000000001,Casual Buyers
40746,201,2026-01-13 20:00:00,69,Male,North,Beauty,2,243.72,487.44,Loyal High-Spenders
59377,197,2026-01-13 21:00:00,43,Female,East,Clothing,1,200.71,200.71,Casual Buyers
58404,111,2026-01-13 22:00:00,21,Female,South,Clothing,3,444.84,1334.52,Casual Buyers
64045,118,2026-01-13 23:00:00,51,Female,West,Beauty,3,448.03,1344.09,Loyal High-Spenders
49790,200,2026-01-14 00:00:00,69,Female,West,Electronics,3,174.55,523.6500000000001,At-Risk Customers
15600,143,2026-01-14 01:00:00,65,Male,West,Electronics,5,311.38,1556.9,Loyal High-Spenders
50764,148,2026-01-14 02:00:00,35,Male,East,Clothing,2,464.18,928.36,Casual Buyers
84543,116,2026-01-14 03:00:00,57,Female,North,Clothing,5,481.41,2407.05,At-Risk Customers
55714,173,2026-01-14 04:00:00,52,Male,West,Electronics,4,259.39,1037.56,Casual Buyers
66835,156,2026-01-14 05:00:00,58,Female,North,Home,1,231.88,231.88,Loyal High-Spenders
83744,154,2026-01-14 06:00:00,46,Female,East,Beauty,1,146.56,146.56,Loyal High-Spenders
66491,146,2026-01-14 07:00:00,69,Male,South,Beauty,3,479.85,1439.5500000000002,Casual Buyers
28589,111,2026-01-14 08:00:00,46,Female,South,Home,3,79.98,239.94,Casual Buyers
53484,161,2026-01-14 09:00:00,55,Male,South,Home,3,294.12,882.36,Casual Buyers
92989,179,2026-01-14 10:00:00,59,Female,West,Home,2,148.45,296.9,Loyal High-Spenders
46212,182,2026-01-14 11:00:00,38,Female,South,Home,4,146.71,586.84,Loyal High-Spenders
53525,107,2026-01-14 12:00:00,59,Female,West,Home,4,208.43,833.72,Casual Buyers
57202,248,2026-01-14 13:00:00,30,Male,East,Home,4,499.41,1997.64,Loyal High-Spenders
42635,180,2026-01-14 14:00:00,66,Male,East,Beauty,4,36.93,147.72,At-Risk Customers
73208,217,2026-01-14 15:00:00,58,Female,West,Home,3,293.49,880.47,Casual Buyers
43828,124,2026-01-14 16:00:00,34,Female,North,Electronics,1,50.46,50.46,Casual Buyers
28711,188,2026-01-14 17:00:00,26,Female,South,Home,3,85.72,257.15999999999997,Casual Buyers
13420,111,2026-01-14 18:00:00,58,Male,South,Home,4,225.39,901.56,Casual Buyers
10301,242,2026-01-14 19:00:00,18,Male,South,Beauty,3,260.13,780.39,Casual Buyers
55236,158,2026-01-14 20:00:00,19,Male,West,Beauty,4,136.81,547.24,Loyal High-Spenders
76235,208,2026-01-14 21:00:00,65,Female,East,Home,5,165.06,825.3,Loyal High-Spenders
64240,125,2026-01-14 22:00:00,46,Male,South,Beauty,1,52.61,52.61,Casual Buyers
75726,146,2026-01-14 23:00:00,50,Male,East,Clothing,5,158.58,792.9000000000001,Casual Buyers
20492,131,2026-01-15 00:00:00,27,Female,South,Beauty,2,483.61,967.22,Casual Buyers
16102,109,2026-01-15 01:00:00,67,Male,South,Beauty,3,472.91,1418.73,Loyal High-Spenders
60336,115,2026-01-15 02:00:00,57,Non-binary,West,Beauty,2,174.09,348.18,At-Risk Customers
95314,244,2026-01-15 03:00:00,38,Female,North,Beauty,3,289.72,869.1600000000001,Casual Buyers
36641,125,2026-01-15 04:00:00,45,Female,West,Electronics,5,455.7,2278.5,Casual Buyers
44584,185,2026-01-15 05:00:00,28,Male,South,Electronics,4,13.03,52.12,Loyal High-Spenders
42745,234,2026-01-15 06:00:00,51,Male,South,Electronics,4,407.23,1628.92,At-Risk Customers
33093,113,2026-01-15 07:00:00,25,Female,North,Home,3,474.7,1424.1,Casual Buyers
76105,178,2026-01-15 08:00:00,39,Female,East,Home,4,54.75,219.0,At-Risk Customers
61885,216,2026-01-15 09:00:00,25,Female,East,Clothing,5,89.11,445.55,Loyal High-Spenders
46631,106,2026-01-15 10:00:00,66,Male,South,Electronics,4,480.77,1923.08,Casual Buyers
82991,236,2026-01-15 11:00:00,32,Female,East,Home,5,273.39,1366.9499999999998,Casual Buyers
14014,214,2026-01-15 12:00:00,34,Female,South,Beauty,2,16.96,33.92,Loyal High-Spenders
21093,171,2026-01-15 13:00:00,40,Female,North,Beauty,5,136.24,681.2,Casual Buyers
28070,158,2026-01-15 14:00:00,41,Female,North,Electronics,1,230.47,230.47,Loyal High-Spenders
45777,181,2026-01-15 15:00:00,62,Female,South,Clothing,1,349.53,349.53,Loyal High-Spenders
66958,215,2026-01-15 16:00:00,36,Female,North,Clothing,1,369.25,369.25,At-Risk Customers
92074,245,2026-01-15 17:00:00,22,Male,West,Beauty,3,497.76,1493.28,Casual Buyers
20729,202,2026-01-15 18:00:00,49,Female,West,Clothing,3,150.88,452.64,Casual Buyers
55017,116,2026-01-15 19:00:00,61,Male,North,Electronics,3,273.73,821.19,At-Risk Customers
76320,113,2026-01-15 20:00:00,18,Male,South,Beauty,5,271.33,1356.6499999999999,Casual Buyers
37751,207,2026-01-15 21:00:00,40,Male,South,Home,3,208.77,626.3100000000001,Casual Buyers
88069,144,2026-01-15 22:00:00,54,Male,North,Home,2,92.89,185.78,Loyal High-Spenders
64748,197,2026-01-15 23:00:00,25,Male,East,Clothing,1,488.95,488.95,Casual Buyers
15801,230,2026-01-16 00:00:00,30,Male,West,Beauty,5,428.13,2140.65,Loyal High-Spenders
29190,136,2026-01-16 01:00:00,25,Female,East,Beauty,1,254.18,254.18,Casual Buyers
59689,207,2026-01-16 02:00:00,40,Female,South,Home,3,305.59,916.77,Casual Buyers
60993,138,2026-01-16 03:00:00,60,Male,South,Beauty,5,121.36,606.8,Casual Buyers
39592,114,2026-01-16 04:00:00,18,Female,East,Beauty,4,276.46,1105.84,Casual Buyers
20647,219,2026-01-16 05:00:00,62,Female,North,Beauty,2,350.54,701.08,Casual Buyers
18716,103,2026-01-16 06:00:00,68,Male,East,Clothing,3,262.43,787.29,At-Risk Customers
98891,192,2026-01-16 07:00:00,41,Male,East,Beauty,3,495.24,1485.72,Casual Buyers
97545,240,2026-01-16 08:00:00,52,Female,West,Electronics,2,309.56,619.12,Casual Buyers
99912,115,2026-01-16 09:00:00,41,Female,West,Clothing,2,191.78,383.56,At-Risk Customers
80316,207,2026-01-16 10:00:00,34,Female,East,Beauty,4,388.35,1553.4,Casual Buyers
12368,225,2026-01-16 11:00:00,22,Male,East,Beauty,3,93.53,280.59000000000003,Loyal High-Spenders
87575,154,2026-01-16 12:00:00,37,Male,South,Electronics,3,198.41,595.23,Loyal High-Spenders
16655,133,2026-01-16 13:00:00,38,Male,West,Clothing,1,180.01,180.01,Loyal High-Spenders
80031,112,2026-01-16 14:00:00,57,Male,West,Home,5,221.59,1107.95,Loyal High-Spenders
86429,240,2026-01-16 15:00:00,48,Male,South,Home,5,393.07,1965.35,Casual Buyers
97922,117,2026-01-16 16:00:00,63,Male,North,Clothing,1,247.24,247.24,Loyal High-Spenders
65766,195,2026-01-16 17:00:00,53,Female,West,Beauty,5,399.07,1995.35,Loyal High-Spenders
23403,222,2026-01-16 18:00:00,28,Female,West,Beauty,2,292.48,584.96,Casual Buyers
42097,138,2026-01-16 19:00:00,69,Male,North,Home,5,177.61,888.0500000000001,Casual Buyers
88657,145,2026-01-16 20:00:00,32,Female,West,Home,5,406.89,2034.4499999999998,Casual Buyers
20966,128,2026-01-16 21:00:00,36,Male,West,Home,1,126.76,126.76,Casual Buyers
62921,161,2026-01-16 22:00:00,24,Male,North,Electronics,4,119.95,479.8,Casual Buyers
59726,115,2026-01-16 23:00:00,68,Male,North,Home,5,257.21,1286.05,At-Risk Customers
60300,220,2026-01-17 00:00:00,45,Female,East,Electronics,5,137.82,689.0999999999999,Loyal High-Spenders
32677,109,2026-01-17 01:00:00,68,Non-binary,South,Clothing,4,14.45,57.8,Loyal High-Spenders
65609,202,2026-01-17 02:00:00,60,Female,South,Beauty,1,327.67,327.67,Casual Buyers
66661,183,2026-01-17 03:00:00,22,Male,North,Home,4,260.44,1041.76,Casual Buyers
41024,232,2026-01-17 04:00:00,22,Female,North,Beauty,1,228.3,228.3,Loyal High-Spenders
80313,164,2026-01-17 05:00:00,47,Male,West,Beauty,2,483.81,967.62,Loyal High-Spenders
63006,102,2026-01-17 06:00:00,49,Female,East,Home,1,289.89,289.89,Loyal High-Spenders
25338,241,2026-01-17 07:00:00,25,Female,East,Home,2,433.08,866.16,Loyal High-Spenders
78027,219,2026-01-17 08:00:00,27,Male,North,Clothing,2,78.33,156.66,Casual Buyers
90135,167,2026-01-17 09:00:00,55,Female,West,Electronics,1,288.91,288.91,Loyal High-Spenders
29508,245,2026-01-17 10:00:00,64,Female,West,Electronics,3,435.31,1305.93,Casual Buyers
13051,136,2026-01-17 11:00:00,49,Male,South,Beauty,1,295.72,295.72,Casual Buyers
58747,172,2026-01-17 12:00:00,65,Female,South,Home,5,361.83,1809.1499999999999,Loyal High-Spenders
97142,242,2026-01-17 13:00:00,45,Male,West,Clothing,5,192.3,961.5,Casual Buyers
97235,148,2026-01-17 14:00:00,34,Female,South,Clothing,3,55.3,165.89999999999998,Casual Buyers
64021,220,2026-01-17 15:00:00,48,Female,North,Clothing,2,234.37,468.74,Loyal High-Spenders
76412,187,2026-01-17 16:00:00,25,Female,West,Clothing,3,203.29,609.87,Casual Buyers
68335,239,2026-01-17 17:00:00,57,Female,South,Clothing,5,434.86,2174.3,At-Risk Customers
66179,136,2026-01-17 18:00:00,42,Female,East,Electronics,3,129.56,388.68,Casual Buyers
42093,160,2026-01-17 19:00:00,26,Male,West,Electronics,1,483.7,483.7,At-Risk Customers
79678,223,2026-01-17 20:00:00,19,Female,West,Electronics,3,479.49,1438.47,Loyal High-Spenders
90738,138,2026-01-17 21:00:00,32,Male,East,Home,2,131.34,262.68,Casual Buyers
49734,162,2026-01-17 22:00:00,67,Female,North,Beauty,1,180.55,180.55,Casual Buyers
82615,145,2026-01-17 23:00:00,20,Male,East,Clothing,4,448.82,1795.28,Casual Buyers
83523,187,2026-01-18 00:00:00,66,Male,West,Home,5,483.64,2418.2,Casual Buyers
27019,110,2026-01-18 01:00:00,53,Female,North,Clothing,5,227.29,1136.45,Casual Buyers
93613,161,2026-01-18 02:00:00,21,Male,South,Electronics,3,167.29,501.87,Casual Buyers
96672,176,2026-01-18 03:00:00,31,Female,South,Home,1,267.79,267.79,Loyal High-Spenders
83847,151,2026-01-18 04:00:00,58,Male,South,Electronics,4,347.01,1388.04,Loyal High-Spenders
92750,103,2026-01-18 05:00:00,58,Male,West,Clothing,1,144.0,144.0,At-Risk Customers
89634,158,2026-01-18 06:00:00,42,Female,East,Clothing,5,370.87,1854.35,Loyal High-Spenders
38251,171,2026-01-18 07:00:00,67,Male,North,Beauty,1,35.31,35.31,Casual Buyers
35945,247,2026-01-18 08:00:00,27,Male,South,Clothing,4,34.15,136.6,Loyal High-Spenders
42217,192,2026-01-18 09:00:00,38,Female,North,Electronics,3,199.28,597.84,Casual Buyers
18308,162,2026-01-18 10:00:00,53,Male,West,Clothing,2,183.2,366.4,Casual Buyers
15949,153,2026-01-18 11:00:00,29,Female,South,Beauty,1,164.66,164.66,Loyal High-Spenders
61990,216,2026-01-18 12:00:00,44,Male,West,Beauty,2,250.6,501.2,Loyal High-Spenders
11150,209,2026-01-18 13:00:00,57,Male,East,Electronics,5,167.16,835.8,Loyal High-Spenders
99480,173,2026-01-18 14:00:00,19,Female,West,Home,3,104.21,312.63,Casual Buyers
84740,206,2026-01-18 15:00:00,30,Male,West,Clothing,3,161.64,484.91999999999996,Loyal High-Spenders
76617,156,2026-01-18 16:00:00,49,Male,East,Beauty,1,487.7,487.7,Loyal High-Spenders
26896,102,2026-01-18 17:00:00,48,Male,North,Clothing,3,211.45,634.3499999999999,Loyal High-Spenders
56175,219,2026-01-18 18:00:00,33,Male,East,Clothing,1,227.91,227.91,Casual Buyers
17805,105,2026-01-18 19:00:00,49,Female,East,Home,1,292.51,292.51,At-Risk Customers
15237,104,2026-01-18 20:00:00,49,Male,West,Beauty,2,491.84,983.68,Casual Buyers
30056,104,2026-01-18 21:00:00,51,Female,North,Clothing,3,128.38,385.14,Casual Buyers
55543,153,2026-01-18 22:00:00,28,Female,South,Beauty,1,343.83,343.83,Loyal High-Spenders
66556,146,2026-01-18 23:00:00,27,Male,East,Electronics,2,360.83,721.66,Casual Buyers
13343,108,2026-01-19 00:00:00,32,Female,North,Electronics,4,307.59,1230.36,Loyal High-Spenders
23500,198,2026-01-19 01:00:00,34,Male,East,Clothing,2,53.4,106.8,Loyal High-Spenders
63222,119,2026-01-19 02:00:00,57,Non-binary,East,Beauty,2,341.67,683.34,Loyal High-Spenders
39375,221,2026-01-19 03:00:00,35,Male,East,Clothing,1,41.41,41.41,Loyal High-Spenders
19662,160,2026-01-19 04:00:00,26,Female,East,Beauty,5,302.11,1510.5500000000002,At-Risk Customers
26964,222,2026-01-19 05:00:00,42,Female,West,Beauty,5,372.39,1861.9499999999998,Casual Buyers
69638,181,2026-01-19 06:00:00,57,Male,North,Home,5,113.38,566.9,Loyal High-Spenders
83666,161,2026-01-19 07:00:00,31,Female,North,Home,2,422.39,844.78,Casual Buyers
95067,244,2026-01-19 08:00:00,42,Female,North,Home,1,24.87,24.87,Casual Buyers
77215,102,2026-01-19 09:00:00,67,Male,East,Clothing,3,423.47,1270.41,Loyal High-Spenders
79042,112,2026-01-19 10:00:00,39,Male,West,Home,2,235.56,471.12,Loyal High-Spenders
23284,219,2026-01-19 11:00:00,69,Female,East,Home,2,116.62,233.24,Casual Buyers
82789,224,2026-01-19 12:00:00,47,Female,East,Electronics,1,75.55,75.55,Casual Buyers
94664,188,2026-01-19 13:00:00,37,Non-binary,North,Beauty,4,477.12,1908.48,Casual Buyers
71389,172,2026-01-19 14:00:00,38,Female,East,Beauty,2,45.61,91.22,Loyal High-Spenders
19435,167,2026-01-19 15:00:00,61,Female,South,Home,4,107.56,430.24,Loyal High-Spenders
64340,241,2026-01-19 16:00:00,49,Female,East,Beauty,4,180.43,721.72,Loyal High-Spenders
54078,200,2026-01-19 17:00:00,68,Male,South,Electronics,5,313.92,1569.6000000000001,At-Risk Customers
88832,197,2026-01-19 18:00:00,63,Male,East,Electronics,1,276.95,276.95,Casual Buyers
61293,110,2026-01-19 19:00:00,66,Female,West,Home,4,71.57,286.28,Casual Buyers
88781,204,2026-01-19 20:00:00,38,Female,West,Electronics,1,151.97,151.97,Loyal High-Spenders
70403,166,2026-01-19 21:00:00,52,Male,North,Beauty,5,126.99,634.9499999999999,At-Risk Customers
39124,222,2026-01-19 22:00:00,49,Male,East,Clothing,1,114.64,114.64,Casual Buyers
53919,128,2026-01-19 23:00:00,47,Female,South,Beauty,2,211.46,422.92,Casual Buyers
45247,236,2026-01-20 00:00:00,56,Female,South,Clothing,4,354.98,1419.92,Casual Buyers
72752,175,2026-01-20 01:00:00,66,Male,East,Home,1,116.55,116.55,Loyal High-Spenders
66573,108,2026-01-20 02:00:00,29,Male,South,Clothing,3,189.67,569.01,Loyal High-Spenders
69101,139,2026-01-20 03:00:00,58,Male,West,Electronics,1,201.55,201.55,Casual Buyers
36646,124,2026-01-20 04:00:00,64,Male,South,Beauty,4,488.46,1953.84,Casual Buyers
33049,104,2026-01-20 05:00:00,35,Male,North,Clothing,5,477.79,2388.9500000000003,Casual Buyers
89605,238,2026-01-20 06:00:00,38,Male,West,Beauty,5,402.07,2010.35,Loyal High-Spenders
78385,223,2026-01-20 07:00:00,30,Female,West,Home,4,128.41,513.64,Loyal High-Spenders
50158,137,2026-01-20 08:00:00,38,Male,West,Home,2,43.34,86.68,Loyal High-Spenders
75417,171,2026-01-20 09:00:00,25,Female,East,Electronics,2,165.28,330.56,Casual Buyers
33289,232,2026-01-20 10:00:00,63,Female,East,Home,5,140.73,703.65,Loyal High-Spenders
19823,189,2026-01-20 11:00:00,57,Male,West,Clothing,5,257.9,1289.5,Loyal High-Spenders
70160,245,2026-01-20 12:00:00,63,Female,East,Home,4,391.09,1564.36,Casual Buyers
51975,136,2026-01-20 13:00:00,24,Male,South,Electronics,2,430.58,861.16,Casual Buyers
19540,159,2026-01-20 14:00:00,40,Female,East,Beauty,5,423.98,2119.9,Casual Buyers
26364,127,2026-01-20 15:00:00,61,Male,East,Beauty,2,186.24,372.48,Loyal High-Spenders
14611,180,2026-01-20 16:00:00,49,Female,West,Home,5,346.74,1733.7,At-Risk Customers
37663,213,2026-01-20 17:00:00,28,Female,North,Clothing,1,163.29,163.29,Loyal High-Spenders
61991,139,2026-01-20 18:00:00,39,Male,North,Electronics,3,39.84,119.52000000000001,Casual Buyers
67679,144,2026-01-20 19:00:00,39,Male,North,Clothing,1,353.77,353.77,Loyal High-Spenders
40977,161,2026-01-20 20:00:00,60,Female,South,Electronics,5,14.82,74.1,Casual Buyers
59115,192,2026-01-20 21:00:00,42,Female,East,Home,3,210.5,631.5,Casual Buyers
98223,214,2026-01-20 22:00:00,39,Male,North,Electronics,3,171.4,514.2,Loyal High-Spenders
70890,166,2026-01-20 23:00:00,45,Female,West,Electronics,5,349.75,1748.75,At-Risk Customers
76387,155,2026-01-21 00:00:00,46,Male,North,Home,5,385.46,1927.3,Loyal High-Spenders
28071,139,2026-01-21 01:00:00,30,Female,North,Clothing,2,159.01,318.02,Casual Buyers
69275,197,2026-01-21 02:00:00,35,Male,East,Home,5,407.7,2038.5,Casual Buyers
82369,139,2026-01-21 03:00:00,19,Female,East,Electronics,4,154.02,616.08,Casual Buyers
21938,190,2026-01-21 04:00:00,46,Male,East,Home,5,228.7,1143.5,Loyal High-Spenders
45195,132,2026-01-21 05:00:00,38,Male,South,Electronics,4,366.24,1464.96,Casual Buyers
14000,105,2026-01-21 06:00:00,32,Male,South,Home,5,349.53,1747.6499999999999,At-Risk Customers
80588,246,2026-01-21 07:00:00,69,Male,North,Beauty,2,493.81,987.62,Casual Buyers
48304,179,2026-01-21 08:00:00,44,Female,East,Beauty,4,120.33,481.32,Loyal High-Spenders
79449,191,2026-01-21 09:00:00,67,Male,North,Home,1,334.54,334.54,At-Risk Customers
92986,196,2026-01-21 10:00:00,48,Female,West,Clothing,4,308.74,1234.96,Loyal High-Spenders
99643,158,2026-01-21 11:00:00,32,Male,West,Electronics,2,458.4,916.8,Loyal High-Spenders
30764,158,2026-01-21 12:00:00,68,Male,East,Beauty,4,86.62,346.48,Loyal High-Spenders
96027,147,2026-01-21 13:00:00,40,Male,East,Clothing,5,378.38,1891.9,Loyal High-Spenders
48494,112,2026-01-21 14:00:00,41,Male,West,Electronics,5,288.45,1442.25,Loyal High-Spenders
13373,206,2026-01-21 15:00:00,61,Male,East,Beauty,2,144.59,289.18,Loyal High-Spenders
22161,144,2026-01-21 16:00:00,30,Male,South,Beauty,3,242.47,727.41,Loyal High-Spenders
37350,188,2026-01-21 17:00:00,39,Female,South,Home,5,173.55,867.75,Casual Buyers
35351,199,2026-01-21 18:00:00,60,Male,East,Electronics,1,293.86,293.86,Loyal High-Spenders
98668,106,2026-01-21 19:00:00,54,Female,West,Clothing,2,445.61,891.22,Casual Buyers
25305,232,2026-01-21 20:00:00,50,Female,North,Clothing,4,288.96,1155.84,Loyal High-Spenders
85353,144,2026-01-21 21:00:00,20,Male,East,Clothing,4,319.54,1278.16,Loyal High-Spenders
86797,157,2026-01-21 22:00:00,36,Male,East,Electronics,1,264.19,264.19,At-Risk Customers
75953,130,2026-01-21 23:00:00,40,Non-binary,North,Clothing,5,35.07,175.35,Loyal High-Spenders
67458,122,2026-01-22 00:00:00,46,Female,East,Clothing,2,124.1,248.2,Loyal High-Spenders
30358,237,2026-01-22 01:00:00,47,Female,North,Clothing,1,251.08,251.08,At-Risk Customers
13267,206,2026-01-22 02:00:00,56,Male,West,Home,5,162.02,810.1,Loyal High-Spenders
92745,138,2026-01-22 03:00:00,61,Female,South,Home,2,99.06,198.12,Casual Buyers
99588,181,2026-01-22 04:00:00,64,Female,West,Electronics,4,257.03,1028.12,Loyal High-Spenders
48513,199,2026-01-22 05:00:00,42,Female,South,Electronics,2,168.18,336.36,Loyal High-Spenders
36092,101,2026-01-22 06:00:00,54,Non-binary,North,Clothing,3,136.47,409.40999999999997,Loyal High-Spenders
21338,176,2026-01-22 07:00:00,64,Male,South,Home,2,237.35,474.7,Loyal High-Spenders
10412,111,2026-01-22 08:00:00,25,Male,West,Beauty,3,75.31,225.93,Casual Buyers
17543,138,2026-01-22 09:00:00,59,Female,South,Beauty,2,464.6,929.2,Casual Buyers
43496,112,2026-01-22 10:00:00,33,Female,North,Clothing,3,435.17,1305.51,Loyal High-Spenders
70692,145,2026-01-22 11:00:00,25,Male,South,Clothing,4,356.73,1426.92,Casual Buyers
99084,212,2026-01-22 12:00:00,18,Male,East,Home,5,62.04,310.2,Loyal High-Spenders
54425,116,2026-01-22 13:00:00,61,Male,West,Home,3,390.18,1170.54,At-Risk Customers
48756,203,2026-01-22 14:00:00,22,Male,East,Home,3,405.9,1217.6999999999998,Casual Buyers
28888,197,2026-01-22 15:00:00,20,Female,North,Electronics,4,386.2,1544.8,Casual Buyers
45735,187,2026-01-22 16:00:00,18,Female,South,Electronics,3,65.84,197.52,Casual Buyers
57295,208,2026-01-22 17:00:00,21,Male,East,Clothing,1,325.51,325.51,Loyal High-Spenders
93042,169,2026-01-22 18:00:00,57,Male,East,Electronics,4,418.82,1675.28,Loyal High-Spenders
95999,173,2026-01-22 19:00:00,52,Male,South,Home,1,292.9,292.9,Casual Buyers
27955,162,2026-01-22 20:00:00,49,Male,South,Home,4,326.74,1306.96,Casual Buyers
47841,159,2026-01-22 21:00:00,59,Female,West,Electronics,3,234.6,703.8,Casual Buyers
80640,178,2026-01-22 22:00:00,51,Non-binary,East,Beauty,1,269.07,269.07,At-Risk Customers
75510,136,2026-01-22 23:00:00,60,Female,East,Clothing,3,26.84,80.52,Casual Buyers
44911,121,2026-01-23 00:00:00,42,Male,North,Beauty,4,323.09,1292.36,At-Risk Customers
69031,247,2026-01-23 01:00:00,27,Female,West,Clothing,3,49.91,149.73,Loyal High-Spenders
98726,195,2026-01-23 02:00:00,38,Female,North,Beauty,1,223.16,223.16,Loyal High-Spenders
17357,167,2026-01-23 03:00:00,63,Female,East,Electronics,1,153.4,153.4,Loyal High-Spenders
42479,116,2026-01-23 04:00:00,56,Male,North,Clothing,3,277.26,831.78,At-Risk Customers
71476,111,2026-01-23 05:00:00,44,Male,East,Clothing,2,75.37,150.74,Casual Buyers
54811,249,2026-01-23 06:00:00,44,Male,East,Clothing,4,348.91,1395.64,Casual Buyers
46208,244,2026-01-23 07:00:00,19,Male,North,Home,4,399.56,1598.24,Casual Buyers
30150,237,2026-01-23 08:00:00,58,Male,North,Home,3,90.04,270.12,At-Risk Customers
81180,217,2026-01-23 09:00:00,65,Male,South,Beauty,2,61.11,122.22,Casual Buyers
53286,121,2026-01-23 10:00:00,30,Female,South,Electronics,1,81.3,81.3,At-Risk Customers
78450,219,2026-01-23 11:00:00,26,Female,South,Home,5,439.79,2198.9500000000003,Casual Buyers
31352,149,2026-01-23 12:00:00,69,Male,East,Clothing,5,268.81,1344.05,Loyal High-Spenders
65069,113,2026-01-23 13:00:00,53,Male,North,Home,3,238.96,716.88,Casual Buyers
24397,128,2026-01-23 14:00:00,39,Female,West,Electronics,2,62.29,124.58,Casual Buyers
51555,224,2026-01-23 15:00:00,59,Female,East,Home,2,328.28,656.56,Casual Buyers
56959,106,2026-01-23 16:00:00,43,Female,West,Clothing,4,435.32,1741.28,Casual Buyers
10728,128,2026-01-23 17:00:00,29,Non-binary,North,Beauty,1,415.81,415.81,Casual Buyers
60517,238,2026-01-23 18:00:00,34,Female,East,Clothing,2,316.77,633.54,Loyal High-Spenders
76234,132,2026-01-23 19:00:00,31,Non-binary,West,Electronics,5,46.89,234.45,Casual Buyers
49954,233,2026-01-23 20:00:00,31,Male,West,Beauty,1,65.07,65.07,Loyal High-Spenders
57280,210,2026-01-23 21:00:00,51,Male,South,Home,1,34.16,34.16,Loyal High-Spenders
89459,178,2026-01-23 22:00:00,37,Male,South,Home,3,136.16,408.48,At-Risk Customers
26779,157,2026-01-23 23:00:00,28,Male,South,Home,2,76.47,152.94,At-Risk Customers
73932,125,2026-01-24 00:00:00,33,Male,East,Beauty,3,137.42,412.26,Casual Buyers
82936,128,2026-01-24 01:00:00,68,Female,North,Clothing,2,198.68,397.36,Casual Buyers
34466,103,2026-01-24 02:00:00,48,Female,North,Beauty,4,472.06,1888.24,At-Risk Customers
46939,198,2026-01-24 03:00:00,23,Female,South,Beauty,3,309.08,927.24,Loyal High-Spenders
79896,240,2026-01-24 04:00:00,36,Male,South,Electronics,3,419.14,1257.42,Casual Buyers
45270,138,2026-01-24 05:00:00,54,Female,South,Beauty,5,358.07,1790.35,Casual Buyers
69163,114,2026-01-24 06:00:00,21,Female,West,Home,3,65.13,195.39,Casual Buyers
92637,218,2026-01-24 07:00:00,64,Male,South,Clothing,2,370.6,741.2,Casual Buyers
61934,128,2026-01-24 08:00:00,21,Female,West,Clothing,5,144.8,724.0,Casual Buyers
74895,174,2026-01-24 09:00:00,37,Male,North,Clothing,3,323.16,969.48,Loyal High-Spenders
42307,215,2026-01-24 10:00:00,27,Male,East,Home,3,177.07,531.21,At-Risk Customers
64098,131,2026-01-24 11:00:00,41,Female,East,Home,4,498.86,1995.44,Casual Buyers
70921,229,2026-01-24 12:00:00,52,Male,East,Home,3,139.14,417.41999999999996,Loyal High-Spenders
15486,183,2026-01-24 13:00:00,43,Male,East,Home,1,146.77,146.77,Casual Buyers
18335,121,2026-01-24 14:00:00,54,Female,West,Home,5,466.03,2330.1499999999996,At-Risk Customers
96900,126,2026-01-24 15:00:00,55,Female,West,Beauty,1,22.08,22.08,Loyal High-Spenders
99112,180,2026-01-24 16:00:00,38,Male,South,Home,5,351.38,1756.9,At-Risk Customers
21130,225,2026-01-24 17:00:00,57,Male,West,Home,4,365.41,1461.64,Loyal High-Spenders
97508,191,2026-01-24 18:00:00,56,Male,South,Home,3,419.83,1259.49,At-Risk Customers
70566,120,2026-01-24 19:00:00,38,Female,South,Home,3,487.48,1462.44,Loyal High-Spenders
76703,146,2026-01-24 20:00:00,27,Male,East,Clothing,3,488.04,1464.1200000000001,Casual Buyers
37192,200,2026-01-24 21:00:00,55,Male,West,Home,5,41.99,209.95000000000002,At-Risk Customers
11062,183,2026-01-24 22:00:00,63,Female,West,Beauty,3,412.7,1238.1,Casual Buyers
94076,105,2026-01-24 23:00:00,21,Female,South,Beauty,1,326.69,326.69,At-Risk Customers
99780,246,2026-01-25 00:00:00,62,Male,South,Beauty,3,327.2,981.5999999999999,Casual Buyers
31545,230,2026-01-25 01:00:00,37,Female,North,Electronics,4,72.89,291.56,Loyal High-Spenders
31689,100,2026-01-25 02:00:00,34,Female,North,Clothing,1,328.59,328.59,Casual Buyers
21174,157,2026-01-25 03:00:00,24,Male,South,Home,3,491.42,1474.26,At-Risk Customers
98461,223,2026-01-25 04:00:00,21,Male,North,Electronics,3,456.79,1370.3700000000001,Loyal High-Spenders
19348,114,2026-01-25 05:00:00,46,Female,North,Home,2,225.17,450.34,Casual Buyers
33714,163,2026-01-25 06:00:00,31,Male,South,Electronics,5,29.57,147.85,Loyal High-Spenders
48102,124,2026-01-25 07:00:00,20,Female,South,Electronics,1,187.52,187.52,Casual Buyers
84460,123,2026-01-25 08:00:00,41,Male,West,Beauty,2,414.93,829.86,At-Risk Customers
99930,111,2026-01-25 09:00:00,54,Male,South,Beauty,4,353.73,1414.92,Casual Buyers
16801,117,2026-01-25 10:00:00,33,Male,South,Electronics,5,235.08,1175.4,Loyal High-Spenders
82267,114,2026-01-25 11:00:00,69,Male,East,Beauty,1,37.0,37.0,Casual Buyers
58136,126,2026-01-25 12:00:00,21,Male,West,Electronics,3,219.18,657.54,Loyal High-Spenders
33625,171,2026-01-25 13:00:00,41,Male,West,Clothing,1,239.82,239.82,Casual Buyers
92873,159,2026-01-25 14:00:00,51,Female,West,Beauty,3,464.99,1394.97,Casual Buyers
82592,244,2026-01-25 15:00:00,47,Non-binary,East,Beauty,5,324.13,1620.65,Casual Buyers
87052,192,2026-01-25 16:00:00,35,Female,South,Beauty,3,162.71,488.13,Casual Buyers
54261,152,2026-01-25 17:00:00,36,Female,West,Clothing,4,267.41,1069.64,Loyal High-Spenders
11542,107,2026-01-25 18:00:00,48,Male,West,Electronics,3,42.37,127.10999999999999,Casual Buyers
31677,178,2026-01-25 19:00:00,36,Non-binary,North,Home,4,486.56,1946.24,At-Risk Customers
56732,126,2026-01-25 20:00:00,66,Male,West,Beauty,5,186.43,932.1500000000001,Loyal High-Spenders
60343,149,2026-01-25 21:00:00,63,Female,South,Electronics,5,244.16,1220.8,Loyal High-Spenders
49081,230,2026-01-25 22:00:00,36,Non-binary,South,Clothing,1,184.09,184.09,Loyal High-Spenders
72856,192,2026-01-25 23:00:00,39,Female,North,Home,4,344.43,1377.72,Casual Buyers
98858,123,2026-01-26 00:00:00,41,Non-binary,West,Beauty,4,334.49,1337.96,At-Risk Customers
29065,159,2026-01-26 01:00:00,62,Female,West,Clothing,2,360.51,721.02,Casual Buyers
93460,221,2026-01-26 02:00:00,29,Male,West,Clothing,2,141.39,282.78,Loyal High-Spenders
98092,230,2026-01-26 03:00:00,47,Male,East,Home,2,164.68,329.36,Loyal High-Spenders
64693,247,2026-01-26 04:00:00,55,Female,West,Electronics,3,71.37,214.11,Loyal High-Spenders
36962,145,2026-01-26 05:00:00,48,Male,South,Beauty,2,331.2,662.4,Casual Buyers
38295,114,2026-01-26 06:00:00,53,Female,South,Beauty,4,29.5,118.0,Casual Buyers
23807,116,2026-01-26 07:00:00,36,Non-binary,East,Electronics,3,302.86,908.58,At-Risk Customers
52348,225,2026-01-26 08:00:00,65,Male,East,Electronics,5,436.15,2180.75,Loyal High-Spenders
36432,183,2026-01-26 09:00:00,62,Female,West,Electronics,1,446.51,446.51,Casual Buyers
93285,108,2026-01-26 10:00:00,53,Female,North,Home,2,230.03,460.06,Loyal High-Spenders
67854,162,2026-01-26 11:00:00,47,Female,East,Home,5,235.06,1175.3,Casual Buyers
50262,216,2026-01-26 12:00:00,66,Non-binary,East,Beauty,4,47.71,190.84,Loyal High-Spenders
47080,229,2026-01-26 13:00:00,50,Female,West,Home,1,338.67,338.67,Loyal High-Spenders
11324,187,2026-01-26 14:00:00,35,Non-binary,West,Clothing,5,412.42,2062.1,Casual Buyers
45909,171,2026-01-26 15:00:00,69,Female,East,Beauty,1,129.88,129.88,Casual Buyers
99339,238,2026-01-26 16:00:00,66,Male,North,Home,2,216.44,432.88,Loyal High-Spenders
29870,163,2026-01-26 17:00:00,45,Male,East,Electronics,4,421.03,1684.12,Loyal High-Spenders
44578,171,2026-01-26 18:00:00,64,Female,West,Clothing,1,439.79,439.79,Casual Buyers
82124,120,2026-01-26 19:00:00,28,Male,West,Electronics,5,129.16,645.8,Loyal High-Spenders
36790,117,2026-01-26 20:00:00,62,Female,East,Beauty,2,279.78,559.56,Loyal High-Spenders
35289,163,2026-01-26 21:00:00,50,Female,North,Electronics,2,104.32,208.64,Loyal High-Spenders
65129,181,2026-01-26 22:00:00,34,Male,East,Home,5,59.92,299.6,Loyal High-Spenders
25485,209,2026-01-26 23:00:00,23,Female,East,Home,5,456.45,2282.25,Loyal High-Spenders
54482,194,2026-01-27 00:00:00,21,Female,West,Beauty,1,412.05,412.05,Loyal High-Spenders
96188,131,2026-01-27 01:00:00,37,Female,North,Electronics,3,382.42,1147.26,Casual Buyers
14748,110,2026-01-27 02:00:00,65,Male,South,Beauty,2,33.9,67.8,Casual Buyers
96769,144,2026-01-27 03:00:00,64,Male,North,Electronics,1,423.43,423.43,Loyal High-Spenders
19435,132,2026-01-27 04:00:00,44,Male,East,Clothing,5,224.64,1123.1999999999998,Casual Buyers
13709,201,2026-01-27 05:00:00,32,Female,East,Home,1,177.77,177.77,Loyal High-Spenders
40355,235,2026-01-27 06:00:00,23,Male,East,Beauty,5,277.77,1388.85,Loyal High-Spenders
65771,110,2026-01-27 07:00:00,64,Female,North,Clothing,4,54.76,219.04,Casual Buyers
67799,187,2026-01-27 08:00:00,31,Male,West,Clothing,5,380.76,1903.8,Casual Buyers
23116,140,2026-01-27 09:00:00,28,Male,East,Beauty,5,295.39,1476.9499999999998,Loyal High-Spenders
35470,244,2026-01-27 10:00:00,56,Female,East,Beauty,5,101.43,507.15000000000003,Casual Buyers
52344,175,2026-01-27 11:00:00,26,Female,North,Clothing,3,102.23,306.69,Loyal High-Spenders
52918,220,2026-01-27 12:00:00,43,Male,South,Electronics,5,100.28,501.4,Loyal High-Spenders
62224,145,2026-01-27 13:00:00,33,Male,South,Clothing,2,37.93,75.86,Casual Buyers
49298,179,2026-01-27 14:00:00,22,Male,West,Beauty,2,298.02,596.04,Loyal High-Spenders
90219,153,2026-01-27 15:00:00,69,Female,West,Clothing,1,421.77,421.77,Loyal High-Spenders
71629,185,2026-01-27 16:00:00,27,Female,East,Electronics,3,18.57,55.71,Loyal High-Spenders
76040,191,2026-01-27 17:00:00,67,Male,North,Home,1,34.01,34.01,At-Risk Customers
38016,247,2026-01-27 18:00:00,20,Male,East,Home,2,290.66,581.32,Loyal High-Spenders
33960,196,2026-01-27 19:00:00,30,Male,West,Clothing,2,411.55,823.1,Loyal High-Spenders
43591,101,2026-01-27 20:00:00,60,Female,North,Electronics,4,170.1,680.4,Loyal High-Spenders
92848,132,2026-01-27 21:00:00,66,Non-binary,North,Home,5,181.31,906.55,Casual Buyers
77641,176,2026-01-27 22:00:00,47,Male,West,Clothing,2,302.21,604.42,Loyal High-Spenders
46395,215,2026-01-27 23:00:00,62,Female,South,Clothing,1,144.36,144.36,At-Risk Customers
32700,249,2026-01-28 00:00:00,23,Male,South,Electronics,1,23.04,23.04,Casual Buyers
44620,202,2026-01-28 01:00:00,34,Male,North,Beauty,5,370.26,1851.3,Casual Buyers
30559,202,2026-01-28 02:00:00,62,Female,East,Clothing,5,316.57,1582.85,Casual Buyers
71642,189,2026-01-28 03:00:00,68,Female,South,Beauty,4,294.57,1178.28,Loyal High-Spenders
86539,221,2026-01-28 04:00:00,36,Female,East,Beauty,3,373.43,1120.29,Loyal High-Spenders
31732,242,2026-01-28 05:00:00,59,Female,South,Home,1,340.86,340.86,Casual Buyers
40354,205,2026-01-28 06:00:00,52,Male,South,Beauty,5,110.88,554.4,Loyal High-Spenders
23843,218,2026-01-28 07:00:00,63,Female,East,Electronics,1,182.72,182.72,Casual Buyers
81726,148,2026-01-28 08:00:00,43,Male,West,Home,5,71.79,358.95000000000005,Casual Buyers
27640,203,2026-01-28 09:00:00,68,Female,South,Home,2,73.63,147.26,Casual Buyers
62528,160,2026-01-28 10:00:00,22,Male,South,Home,1,341.34,341.34,At-Risk Customers
48413,222,2026-01-28 11:00:00,46,Female,East,Clothing,2,430.71,861.42,Casual Buyers
62638,233,2026-01-28 12:00:00,54,Male,West,Clothing,1,481.74,481.74,Loyal High-Spenders
62736,108,2026-01-28 13:00:00,37,Male,South,Beauty,3,317.89,953.67,Loyal High-Spenders
78866,105,2026-01-28 14:00:00,66,Female,South,Home,4,100.21,400.84,At-Risk Customers
29087,172,2026-01-28 15:00:00,38,Male,West,Home,2,61.77,123.54,Loyal High-Spenders
51430,202,2026-01-28 16:00:00,27,Female,South,Electronics,5,408.3,2041.5,Casual Buyers
34504,140,2026-01-28 17:00:00,22,Male,West,Beauty,3,293.59,880.77,Loyal High-Spenders
17114,213,2026-01-28 18:00:00,53,Male,West,Electronics,1,312.96,312.96,Loyal High-Spenders
88859,107,2026-01-28 19:00:00,23,Male,East,Beauty,2,392.92,785.84,Casual Buyers
20975,171,2026-01-28 20:00:00,43,Male,North,Beauty,1,354.61,354.61,Casual Buyers
21023,191,2026-01-28 21:00:00,21,Female,West,Clothing,1,418.88,418.88,At-Risk Customers
31447,161,2026-01-28 22:00:00,56,Male,East,Clothing,1,37.54,37.54,Casual Buyers
33959,183,2026-01-28 23:00:00,56,Female,North,Electronics,4,376.29,1505.16,Casual Buyers
76203,161,2026-01-29 00:00:00,67,Female,South,Beauty,4,426.92,1707.68,Casual Buyers
39703,210,2026-01-29 01:00:00,52,Male,North,Home,5,150.21,751.0500000000001,Loyal High-Spenders
19337,226,2026-01-29 02:00:00,18,Female,West,Clothing,2,323.82,647.64,At-Risk Customers
56427,106,2026-01-29 03:00:00,41,Female,West,Home,3,163.94,491.82,Casual Buyers
71529,183,2026-01-29 04:00:00,53,Female,West,Electronics,3,479.41,1438.23,Casual Buyers
94665,231,2026-01-29 05:00:00,23,Male,West,Clothing,3,26.38,79.14,Loyal High-Spenders
41921,233,2026-01-29 06:00:00,58,Male,West,Clothing,1,294.1,294.1,Loyal High-Spenders
43307,157,2026-01-29 07:00:00,63,Female,East,Beauty,4,91.59,366.36,At-Risk Customers
37355,121,2026-01-29 08:00:00,61,Female,West,Electronics,2,358.99,717.98,At-Risk Customers
14835,226,2026-01-29 09:00:00,48,Female,East,Beauty,1,96.19,96.19,At-Risk Customers
30159,102,2026-01-29 10:00:00,37,Male,South,Clothing,4,125.34,501.36,Loyal High-Spenders
57605,226,2026-01-29 11:00:00,41,Female,West,Electronics,4,252.24,1008.96,At-Risk Customers
48088,140,2026-01-29 12:00:00,42,Male,West,Clothing,2,458.27,916.54,Loyal High-Spenders
88752,205,2026-01-29 13:00:00,53,Female,North,Electronics,2,113.74,227.48,Loyal High-Spenders
65284,113,2026-01-29 14:00:00,38,Male,South,Clothing,2,80.68,161.36,Casual Buyers
67043,111,2026-01-29 15:00:00,47,Female,West,Home,1,381.9,381.9,Casual Buyers
45547,186,2026-01-29 16:00:00,41,Male,West,Home,5,255.3,1276.5,Loyal High-Spenders
92844,111,2026-01-29 17:00:00,61,Male,South,Beauty,2,456.77,913.54,Casual Buyers
37532,240,2026-01-29 18:00:00,59,Female,East,Home,5,81.84,409.20000000000005,Casual Buyers
44349,124,2026-01-29 19:00:00,47,Male,West,Clothing,1,326.5,326.5,Casual Buyers
55445,144,2026-01-29 20:00:00,39,Male,North,Clothing,5,124.11,620.55,Loyal High-Spenders
15713,221,2026-01-29 21:00:00,45,Male,West,Home,3,86.81,260.43,Loyal High-Spenders
66178,246,2026-01-29 22:00:00,24,Female,North,Beauty,5,344.88,1724.4,Casual Buyers
59407,154,2026-01-29 23:00:00,52,Female,North,Home,2,300.91,601.82,Loyal High-Spenders
80340,199,2026-01-30 00:00:00,45,Male,West,Electronics,1,379.87,379.87,Loyal High-Spenders
60990,235,2026-01-30 01:00:00,31,Female,West,Electronics,2,161.64,323.28,Loyal High-Spenders
85672,218,2026-01-30 02:00:00,27,Female,North,Electronics,3,229.51,688.53,Casual Buyers
75545,152,2026-01-30 03:00:00,33,Male,South,Home,2,208.68,417.36,Loyal High-Spenders
94791,131,2026-01-30 04:00:00,33,Female,South,Home,2,492.2,984.4,Casual Buyers
68141,150,2026-01-30 05:00:00,48,Female,West,Home,2,153.2,306.4,Loyal High-Spenders
33793,143,2026-01-30 06:00:00,59,Female,East,Electronics,4,154.46,617.84,Loyal High-Spenders
66570,181,2026-01-30 07:00:00,42,Male,South,Beauty,3,183.73,551.1899999999999,Loyal High-Spenders
47892,245,2026-01-30 08:00:00,30,Female,West,Clothing,2,286.65,573.3,Casual Buyers
11015,249,2026-01-30 09:00:00,23,Female,South,Home,2,133.64,267.28,Casual Buyers
71813,136,2026-01-30 10:00:00,61,Male,East,Beauty,2,458.49,916.98,Casual Buyers
37712,195,2026-01-30 11:00:00,26,Male,West,Clothing,1,140.19,140.19,Loyal High-Spenders
18415,155,2026-01-30 12:00:00,62,Male,East,Clothing,4,448.95,1795.8,Loyal High-Spenders
72292,204,2026-01-30 13:00:00,53,Male,West,Clothing,1,60.7,60.7,Loyal High-Spenders
33833,158,2026-01-30 14:00:00,60,Female,East,Beauty,4,331.72,1326.88,Loyal High-Spenders
14158,230,2026-01-30 15:00:00,37,Male,South,Beauty,2,454.42,908.84,Loyal High-Spenders
72680,134,2026-01-30 16:00:00,35,Male,South,Electronics,3,92.69,278.07,Loyal High-Spenders
30309,192,2026-01-30 17:00:00,60,Female,East,Beauty,5,484.48,2422.4,Casual Buyers
16970,196,2026-01-30 18:00:00,38,Male,East,Beauty,5,231.91,1159.55,Loyal High-Spenders
82474,234,2026-01-30 19:00:00,21,Non-binary,East,Beauty,2,473.4,946.8,At-Risk Customers
96704,175,2026-01-30 20:00:00,67,Male,West,Clothing,1,341.64,341.64,Loyal High-Spenders
56540,148,2026-01-30 21:00:00,50,Male,South,Home,3,157.78,473.34000000000003,Casual Buyers
30384,193,2026-01-30 22:00:00,44,Male,West,Electronics,4,102.27,409.08,Loyal High-Spenders
28017,123,2026-01-30 23:00:00,24,Male,South,Home,2,158.83,317.66,At-Risk Customers
85880,247,2026-01-31 00:00:00,23,Male,North,Home,3,55.58,166.74,Loyal High-Spenders
18702,136,2026-01-31 01:00:00,32,Female,West,Beauty,3,80.5,241.5,Casual Buyers
10384,103,2026-01-31 02:00:00,35,Non-binary,South,Electronics,4,61.28,245.12,At-Risk Customers
10404,207,2026-01-31 03:00:00,49,Male,South,Home,3,217.24,651.72,Casual Buyers
50943,225,2026-01-31 04:00:00,28,Female,West,Home,1,399.83,399.83,Loyal High-Spenders
57926,119,2026-01-31 05:00:00,37,Female,West,Electronics,1,79.28,79.28,Loyal High-Spenders
39189,149,2026-01-31 06:00:00,41,Female,South,Beauty,1,73.86,73.86,Loyal High-Spenders
22763,195,2026-01-31 07:00:00,32,Male,West,Home,3,325.28,975.8399999999999,Loyal High-Spenders
28384,204,2026-01-31 08:00:00,65,Male,East,Clothing,1,106.62,106.62,Loyal High-Spenders
70100,216,2026-01-31 09:00:00,24,Male,West,Home,4,57.83,231.32,Loyal High-Spenders
19860,197,2026-01-31 10:00:00,38,Female,West,Clothing,3,91.76,275.28000000000003,Casual Buyers
90642,165,2026-01-31 11:00:00,59,Female,West,Beauty,5,462.63,2313.15,Loyal High-Spenders
60612,178,2026-01-31 12:00:00,43,Male,South,Home,3,412.52,1237.56,At-Risk Customers
33574,105,2026-01-31 13:00:00,61,Male,East,Electronics,4,183.49,733.96,At-Risk Customers
33524,138,2026-01-31 14:00:00,31,Female,North,Electronics,5,331.35,1656.75,Casual Buyers
79172,214,2026-01-31 15:00:00,54,Female,North,Home,3,273.27,819.81,Loyal High-Spenders
20916,224,2026-01-31 16:00:00,38,Non-binary,East,Beauty,1,341.79,341.79,Casual Buyers
14809,111,2026-01-31 17:00:00,35,Female,East,Beauty,2,344.51,689.02,Casual Buyers
42201,230,2026-01-31 18:00:00,22,Male,East,Electronics,2,318.08,636.16,Loyal High-Spenders
63330,117,2026-01-31 19:00:00,20,Female,South,Home,1,140.39,140.39,Loyal High-Spenders
23456,139,2026-01-31 20:00:00,40,Female,North,Beauty,2,29.11,58.22,Casual Buyers
66397,120,2026-01-31 21:00:00,43,Male,East,Electronics,2,233.23,466.46,Loyal High-Spenders
48765,242,2026-01-31 22:00:00,54,Female,South,Clothing,1,446.58,446.58,Casual Buyers
44816,198,2026-01-31 23:00:00,41,Female,North,Home,1,289.05,289.05,Loyal High-Spenders
55106,125,2026-02-01 00:00:00,66,Male,West,Clothing,3,417.87,1253.6100000000001,Casual Buyers
63932,107,2026-02-01 01:00:00,36,Female,South,Clothing,3,495.9,1487.6999999999998,Casual Buyers
27100,199,2026-02-01 02:00:00,68,Female,North,Beauty,1,90.17,90.17,Loyal High-Spenders
67091,186,2026-02-01 03:00:00,42,Female,South,Beauty,4,348.97,1395.88,Loyal High-Spenders
31949,141,2026-02-01 04:00:00,38,Male,North,Beauty,2,340.4,680.8,Loyal High-Spenders
80080,113,2026-02-01 05:00:00,29,Male,North,Home,3,490.18,1470.54,Casual Buyers
47744,177,2026-02-01 06:00:00,58,Female,West,Clothing,2,492.94,985.88,Loyal High-Spenders
55543,101,2026-02-01 07:00:00,50,Male,South,Home,5,346.47,1732.3500000000001,Loyal High-Spenders
46187,218,2026-02-01 08:00:00,67,Female,East,Beauty,1,129.37,129.37,Casual Buyers
17239,136,2026-02-01 09:00:00,21,Female,West,Clothing,4,401.29,1605.16,Casual Buyers
24489,168,2026-02-01 10:00:00,59,Male,West,Home,5,62.44,312.2,Loyal High-Spenders
68017,140,2026-02-01 11:00:00,24,Female,North,Home,5,392.54,1962.7,Loyal High-Spenders
71877,161,2026-02-01 12:00:00,39,Female,East,Electronics,5,456.0,2280.0,Casual Buyers
53125,159,2026-02-01 13:00:00,50,Male,South,Home,1,197.59,197.59,Casual Buyers
59922,224,2026-02-01 14:00:00,34,Female,East,Beauty,3,319.01,957.03,Casual Buyers
42049,210,2026-02-01 15:00:00,41,Female,East,Home,1,220.77,220.77,Loyal High-Spenders
47131,113,2026-02-01 16:00:00,51,Female,East,Clothing,3,224.5,673.5,Casual Buyers
52944,183,2026-02-01 17:00:00,45,Female,East,Home,5,162.08,810.4000000000001,Casual Buyers
83963,229,2026-02-01 18:00:00,60,Male,East,Electronics,5,383.44,1917.2,Loyal High-Spenders
34285,169,2026-02-01 19:00:00,58,Female,North,Clothing,4,468.73,1874.92,Loyal High-Spenders
47626,244,2026-02-01 20:00:00,56,Female,North,Clothing,3,470.97,1412.91,Casual Buyers
52808,222,2026-02-01 21:00:00,39,Female,West,Electronics,5,95.64,478.2,Casual Buyers
98464,188,2026-02-01 22:00:00,66,Female,North,Beauty,2,438.62,877.24,Casual Buyers
63871,127,2026-02-01 23:00:00,34,Male,West,Clothing,4,371.34,1485.36,Loyal High-Spenders
29198,165,2026-02-02 00:00:00,51,Female,West,Beauty,1,133.89,133.89,Loyal High-Spenders
29758,104,2026-02-02 01:00:00,23,Male,South,Clothing,4,42.97,171.88,Casual Buyers
25254,144,2026-02-02 02:00:00,63,Male,East,Clothing,2,141.32,282.64,Loyal High-Spenders
54238,146,2026-02-02 03:00:00,23,Male,North,Beauty,3,456.98,1370.94,Casual Buyers
11252,130,2026-02-02 04:00:00,51,Non-binary,South,Clothing,1,320.26,320.26,Loyal High-Spenders
49764,238,2026-02-02 05:00:00,18,Female,North,Beauty,1,363.32,363.32,Loyal High-Spenders
87709,109,2026-02-02 06:00:00,27,Female,West,Electronics,3,136.0,408.0,Loyal High-Spenders
47441,217,2026-02-02 07:00:00,38,Female,North,Beauty,4,362.5,1450.0,Casual Buyers
63682,113,2026-02-02 08:00:00,22,Female,East,Electronics,5,23.78,118.9,Casual Buyers
69494,179,2026-02-02 09:00:00,19,Female,West,Clothing,4,193.91,775.64,Loyal High-Spenders
91317,192,2026-02-02 10:00:00,39,Female,West,Beauty,2,317.11,634.22,Casual Buyers
75215,109,2026-02-02 11:00:00,65,Male,South,Clothing,5,81.59,407.95000000000005,Loyal High-Spenders
88587,175,2026-02-02 12:00:00,19,Male,East,Beauty,4,413.27,1653.08,Loyal High-Spenders
16949,193,2026-02-02 13:00:00,27,Female,West,Electronics,3,125.17,375.51,Loyal High-Spenders
65393,204,2026-02-02 14:00:00,51,Female,East,Electronics,2,329.62,659.24,Loyal High-Spenders
83553,100,2026-02-02 15:00:00,33,Male,North,Beauty,2,208.55,417.1,Casual Buyers
16941,232,2026-02-02 16:00:00,65,Male,East,Electronics,2,302.06,604.12,Loyal High-Spenders
35934,119,2026-02-02 17:00:00,68,Female,West,Clothing,5,62.65,313.25,Loyal High-Spenders
33386,107,2026-02-02 18:00:00,56,Male,South,Clothing,1,18.29,18.29,Casual Buyers
71886,100,2026-02-02 19:00:00,39,Female,West,Home,5,455.69,2278.45,Casual Buyers
85745,156,2026-02-02 20:00:00,29,Non-binary,East,Electronics,4,142.12,568.48,Loyal High-Spenders
93251,163,2026-02-02 21:00:00,41,Male,East,Clothing,1,411.64,411.64,Loyal High-Spenders
63413,217,2026-02-02 22:00:00,64,Male,West,Beauty,4,499.68,1998.72,Casual Buyers
66800,127,2026-02-02 23:00:00,57,Female,East,Electronics,1,113.6,113.6,Loyal High-Spenders
52318,220,2026-02-03 00:00:00,55,Female,North,Clothing,5,139.93,699.6500000000001,Loyal High-Spenders
80173,206,2026-02-03 01:00:00,27,Female,West,Electronics,2,334.8,669.6,Loyal High-Spenders
80390,148,2026-02-03 02:00:00,52,Non-binary,South,Beauty,3,483.07,1449.21,Casual Buyers
62329,219,2026-02-03 03:00:00,68,Male,West,Clothing,2,458.75,917.5,Casual Buyers
53088,143,2026-02-03 04:00:00,66,Female,North,Home,5,256.41,1282.0500000000002,Loyal High-Spenders
49811,155,2026-02-03 05:00:00,49,Female,North,Home,1,399.6,399.6,Loyal High-Spenders
65479,210,2026-02-03 06:00:00,24,Female,North,Electronics,2,76.52,153.04,Loyal High-Spenders
95392,233,2026-02-03 07:00:00,38,Male,North,Beauty,5,488.94,2444.7,Loyal High-Spenders
97369,207,2026-02-03 08:00:00,37,Female,North,Clothing,4,482.53,1930.12,Casual Buyers
29963,247,2026-02-03 09:00:00,43,Female,South,Beauty,3,90.23,270.69,Loyal High-Spenders
65123,213,2026-02-03 10:00:00,21,Male,East,Clothing,2,156.72,313.44,Loyal High-Spenders
83477,177,2026-02-03 11:00:00,63,Male,North,Electronics,1,59.08,59.08,Loyal High-Spenders
24388,229,2026-02-03 12:00:00,69,Female,North,Clothing,4,143.14,572.56,Loyal High-Spenders
15569,136,2026-02-03 13:00:00,39,Male,West,Beauty,5,409.82,2049.1,Casual Buyers
79836,119,2026-02-03 14:00:00,32,Male,South,Beauty,3,195.37,586.11,Loyal High-Spenders
46586,125,2026-02-03 15:00:00,57,Male,South,Electronics,1,53.31,53.31,Casual Buyers
22015,128,2026-02-03 16:00:00,38,Female,East,Beauty,5,177.69,888.45,Casual Buyers
55002,100,2026-02-03 17:00:00,32,Female,South,Clothing,5,490.88,2454.4,Casual Buyers
16254,218,2026-02-03 18:00:00,39,Female,West,Electronics,2,318.54,637.08,Casual Buyers
27144,134,2026-02-03 19:00:00,69,Male,West,Clothing,2,213.92,427.84,Loyal High-Spenders
34214,158,2026-02-03 20:00:00,45,Female,East,Beauty,1,91.6,91.6,Loyal High-Spenders
90719,168,2026-02-03 21:00:00,31,Female,West,Electronics,5,493.23,2466.15,Loyal High-Spenders
81774,111,2026-02-03 22:00:00,44,Female,North,Clothing,2,412.22,824.44,Casual Buyers
16090,119,2026-02-03 23:00:00,58,Female,North,Beauty,3,147.92,443.76,Loyal High-Spenders
21637,142,2026-02-04 00:00:00,57,Male,West,Beauty,3,44.33,132.99,Loyal High-Spenders
32415,225,2026-02-04 01:00:00,45,Female,East,Home,5,37.75,188.75,Loyal High-Spenders
34071,149,2026-02-04 02:00:00,43,Male,South,Beauty,2,68.99,137.98,Loyal High-Spenders
68243,128,2026-02-04 03:00:00,66,Female,East,Clothing,1,294.58,294.58,Casual Buyers
51240,138,2026-02-04 04:00:00,19,Male,South,Electronics,1,465.09,465.09,Casual Buyers
93807,137,2026-02-04 05:00:00,42,Male,West,Home,1,253.4,253.4,Loyal High-Spenders
43434,183,2026-02-04 06:00:00,20,Male,West,Beauty,3,423.04,1269.1200000000001,Casual Buyers
79724,227,2026-02-04 07:00:00,25,Female,North,Beauty,2,228.48,456.96,Loyal High-Spenders
85697,225,2026-02-04 08:00:00,61,Male,South,Beauty,2,357.21,714.42,Loyal High-Spenders
38732,144,2026-02-04 09:00:00,50,Female,East,Clothing,3,368.62,1105.8600000000001,Loyal High-Spenders
21314,151,2026-02-04 10:00:00,59,Male,West,Home,1,95.24,95.24,Loyal High-Spenders
33954,179,2026-02-04 11:00:00,69,Male,East,Clothing,1,187.0,187.0,Loyal High-Spenders
67108,223,2026-02-04 12:00:00,52,Female,North,Home,5,322.28,1611.3999999999999,Loyal High-Spenders
97044,218,2026-02-04 13:00:00,23,Male,South,Electronics,4,44.64,178.56,Casual Buyers
97505,107,2026-02-04 14:00:00,56,Male,South,Clothing,2,187.15,374.3,Casual Buyers
46668,184,2026-02-04 15:00:00,69,Female,West,Clothing,2,272.05,544.1,Loyal High-Spenders
33061,228,2026-02-04 16:00:00,40,Male,South,Electronics,2,498.15,996.3,Loyal High-Spenders
89252,107,2026-02-04 17:00:00,42,Male,West,Home,4,242.52,970.08,Casual Buyers
49749,195,2026-02-04 18:00:00,67,Male,North,Beauty,5,409.87,2049.35,Loyal High-Spenders
26907,201,2026-02-04 19:00:00,60,Female,South,Electronics,4,221.71,886.84,Loyal High-Spenders
28777,104,2026-02-04 20:00:00,36,Female,West,Beauty,1,400.23,400.23,Casual Buyers
61745,185,2026-02-04 21:00:00,22,Female,East,Beauty,1,301.75,301.75,Loyal High-Spenders
91818,133,2026-02-04 22:00:00,68,Female,West,Electronics,2,444.43,888.86,Loyal High-Spenders
33624,154,2026-02-04 23:00:00,28,Male,South,Home,3,211.36,634.08,Loyal High-Spenders
33321,218,2026-02-05 00:00:00,29,Male,North,Beauty,2,306.11,612.22,Casual Buyers
20488,213,2026-02-05 01:00:00,27,Female,South,Electronics,3,318.71,956.1299999999999,Loyal High-Spenders
32574,244,2026-02-05 02:00:00,25,Male,South,Clothing,4,214.52,858.08,Casual Buyers
15240,125,2026-02-05 03:00:00,41,Male,West,Clothing,1,80.71,80.71,Casual Buyers
53221,235,2026-02-05 04:00:00,45,Male,East,Clothing,3,55.84,167.52,Loyal High-Spenders
20478,146,2026-02-05 05:00:00,58,Male,South,Electronics,4,18.17,72.68,Casual Buyers
65645,212,2026-02-05 06:00:00,53,Non-binary,East,Clothing,1,438.03,438.03,Loyal High-Spenders
29262,175,2026-02-05 07:00:00,54,Male,West,Beauty,3,125.87,377.61,Loyal High-Spenders
62796,171,2026-02-05 08:00:00,38,Female,East,Clothing,2,113.64,227.28,Casual Buyers
14432,188,2026-02-05 09:00:00,25,Male,West,Clothing,2,370.66,741.32,Casual Buyers
74291,145,2026-02-05 10:00:00,26,Non-binary,North,Beauty,2,166.81,333.62,Casual Buyers
89104,132,2026-02-05 11:00:00,64,Male,East,Clothing,4,257.96,1031.84,Casual Buyers
69399,100,2026-02-05 12:00:00,32,Male,East,Beauty,2,89.63,179.26,Casual Buyers
89714,246,2026-02-05 13:00:00,65,Female,North,Clothing,5,480.28,2401.3999999999996,Casual Buyers
60428,130,2026-02-05 14:00:00,63,Female,East,Beauty,1,427.27,427.27,Loyal High-Spenders
97731,241,2026-02-05 15:00:00,57,Male,North,Clothing,4,433.26,1733.04,Loyal High-Spenders
10302,152,2026-02-05 16:00:00,35,Male,South,Beauty,2,209.32,418.64,Loyal High-Spenders
92558,147,2026-02-05 17:00:00,59,Male,West,Electronics,1,383.56,383.56,Loyal High-Spenders
10055,168,2026-02-05 18:00:00,37,Male,North,Beauty,3,80.5,241.5,Loyal High-Spenders
18717,204,2026-02-05 19:00:00,23,Male,East,Clothing,2,14.22,28.44,Loyal High-Spenders
38699,189,2026-02-05 20:00:00,29,Female,North,Clothing,1,19.79,19.79,Loyal High-Spenders
83686,162,2026-02-05 21:00:00,19,Male,East,Home,5,297.43,1487.15,Casual Buyers
77661,172,2026-02-05 22:00:00,24,Male,South,Beauty,3,233.14,699.42,Loyal High-Spenders
54247,188,2026-02-05 23:00:00,33,Female,North,Electronics,5,263.83,1319.1499999999999,Casual Buyers
26748,112,2026-02-06 00:00:00,20,Non-binary,South,Beauty,1,13.66,13.66,Loyal High-Spenders
14621,172,2026-02-06 01:00:00,62,Female,West,Beauty,5,217.12,1085.6,Loyal High-Spenders
25034,176,2026-02-06 02:00:00,20,Male,East,Electronics,1,361.85,361.85,Loyal High-Spenders
15126,167,2026-02-06 03:00:00,44,Male,East,Beauty,1,226.92,226.92,Loyal High-Spenders
15122,197,2026-02-06 04:00:00,67,Female,South,Electronics,5,368.79,1843.95,Casual Buyers
28030,224,2026-02-06 05:00:00,60,Male,West,Electronics,1,124.18,124.18,Casual Buyers
92838,201,2026-02-06 06:00:00,57,Male,North,Beauty,2,408.44,816.88,Loyal High-Spenders
94717,231,2026-02-06 07:00:00,55,Female,North,Beauty,1,298.33,298.33,Loyal High-Spenders
65658,201,2026-02-06 08:00:00,50,Female,East,Clothing,4,113.27,453.08,Loyal High-Spenders
48638,118,2026-02-06 09:00:00,45,Female,South,Clothing,1,125.99,125.99,Loyal High-Spenders
77067,181,2026-02-06 10:00:00,18,Male,South,Home,4,317.73,1270.92,Loyal High-Spenders
98869,240,2026-02-06 11:00:00,25,Male,North,Home,1,416.67,416.67,Casual Buyers
44674,122,2026-02-06 12:00:00,54,Non-binary,West,Beauty,1,213.66,213.66,Loyal High-Spenders
45854,182,2026-02-06 13:00:00,49,Male,West,Electronics,5,136.57,682.8499999999999,Loyal High-Spenders
56271,208,2026-02-06 14:00:00,65,Female,North,Home,2,434.84,869.68,Loyal High-Spenders
83688,174,2026-02-06 15:00:00,60,Female,North,Beauty,2,337.94,675.88,Loyal High-Spenders
48518,228,2026-02-06 16:00:00,54,Female,South,Home,3,229.56,688.6800000000001,Loyal High-Spenders
20267,187,2026-02-06 17:00:00,21,Male,West,Electronics,5,249.07,1245.35,Casual Buyers
11062,153,2026-02-06 18:00:00,47,Male,North,Beauty,5,110.09,550.45,Loyal High-Spenders
60448,188,2026-02-06 19:00:00,23,Female,North,Electronics,2,317.13,634.26,Casual Buyers
16229,242,2026-02-06 20:00:00,63,Female,East,Beauty,5,185.78,928.9,Casual Buyers
66793,164,2026-02-06 21:00:00,36,Female,North,Home,2,497.87,995.74,Loyal High-Spenders
57915,175,2026-02-06 22:00:00,49,Male,North,Clothing,5,245.29,1226.45,Loyal High-Spenders
14632,242,2026-02-06 23:00:00,26,Male,West,Home,1,248.08,248.08,Casual Buyers
13596,248,2026-02-07 00:00:00,29,Female,South,Home,2,287.27,574.54,Loyal High-Spenders
16168,246,2026-02-07 01:00:00,28,Female,West,Clothing,2,459.21,918.42,Casual Buyers
17561,159,2026-02-07 02:00:00,63,Female,South,Clothing,4,402.4,1609.6,Casual Buyers
83794,192,2026-02-07 03:00:00,33,Male,East,Beauty,5,231.05,1155.25,Casual Buyers
92152,148,2026-02-07 04:00:00,18,Female,North,Beauty,5,362.16,1810.8000000000002,Casual Buyers
36734,134,2026-02-07 05:00:00,62,Female,East,Electronics,2,297.26,594.52,Loyal High-Spenders
16371,201,2026-02-07 06:00:00,38,Female,South,Electronics,1,251.26,251.26,Loyal High-Spenders
36069,110,2026-02-07 07:00:00,47,Male,West,Home,1,104.23,104.23,Casual Buyers
89905,198,2026-02-07 08:00:00,30,Male,West,Clothing,1,237.33,237.33,Loyal High-Spenders
22910,209,2026-02-07 09:00:00,51,Female,East,Electronics,5,130.45,652.25,Loyal High-Spenders
83479,173,2026-02-07 10:00:00,21,Male,South,Home,4,458.27,1833.08,Casual Buyers
87735,108,2026-02-07 11:00:00,45,Male,East,Clothing,2,174.35,348.7,Loyal High-Spenders
91264,102,2026-02-07 12:00:00,55,Female,East,Beauty,3,476.61,1429.83,Loyal High-Spenders
33275,184,2026-02-07 13:00:00,48,Male,North,Home,4,271.2,1084.8,Loyal High-Spenders
82274,125,2026-02-07 14:00:00,44,Female,East,Beauty,3,319.46,958.3799999999999,Casual Buyers
91449,171,2026-02-07 15:00:00,22,Male,North,Electronics,4,276.04,1104.16,Casual Buyers
70004,147,2026-02-07 16:00:00,42,Female,North,Electronics,1,73.4,73.4,Loyal High-Spenders
72981,216,2026-02-07 17:00:00,20,Non-binary,West,Clothing,5,194.15,970.75,Loyal High-Spenders
94659,111,2026-02-07 18:00:00,50,Male,North,Home,3,58.58,175.74,Casual Buyers
64553,232,2026-02-07 19:00:00,21,Male,North,Beauty,4,315.25,1261.0,Loyal High-Spenders
58447,147,2026-02-07 20:00:00,42,Male,West,Clothing,5,228.97,1144.85,Loyal High-Spenders
44529,136,2026-02-07 21:00:00,37,Male,East,Electronics,3,391.21,1173.6299999999999,Casual Buyers
85703,143,2026-02-07 22:00:00,51,Female,South,Electronics,2,118.03,236.06,Loyal High-Spenders
86090,114,2026-02-07 23:00:00,43,Female,South,Home,4,90.64,362.56,Casual Buyers
27260,142,2026-02-08 00:00:00,22,Male,South,Beauty,2,209.1,418.2,Loyal High-Spenders
13812,186,2026-02-08 01:00:00,52,Male,East,Home,1,464.03,464.03,Loyal High-Spenders
38024,169,2026-02-08 02:00:00,45,Male,North,Beauty,2,358.11,716.22,Loyal High-Spenders
68656,145,2026-02-08 03:00:00,46,Female,South,Beauty,2,215.27,430.54,Casual Buyers
37285,207,2026-02-08 04:00:00,26,Male,East,Home,4,263.46,1053.84,Casual Buyers
11605,222,2026-02-08 05:00:00,69,Female,North,Clothing,1,51.26,51.26,Casual Buyers
81158,120,2026-02-08 06:00:00,55,Female,West,Home,2,492.44,984.88,Loyal High-Spenders
82303,206,2026-02-08 07:00:00,67,Female,South,Home,5,336.54,1682.7,Loyal High-Spenders
37139,179,2026-02-08 08:00:00,23,Male,North,Electronics,3,149.85,449.54999999999995,Loyal High-Spenders
87149,146,2026-02-08 09:00:00,36,Female,South,Electronics,2,297.05,594.1,Casual Buyers
66138,216,2026-02-08 10:00:00,61,Male,South,Home,1,63.65,63.65,Loyal High-Spenders
86125,223,2026-02-08 11:00:00,28,Male,South,Home,2,483.26,966.52,Loyal High-Spenders
23918,242,2026-02-08 12:00:00,19,Female,North,Electronics,3,95.64,286.92,Casual Buyers
95655,124,2026-02-08 13:00:00,64,Female,East,Beauty,1,327.53,327.53,Casual Buyers
37446,135,2026-02-08 14:00:00,61,Male,North,Home,4,130.27,521.08,Loyal High-Spenders
23046,150,2026-02-08 15:00:00,61,Male,South,Clothing,1,361.61,361.61,Loyal High-Spenders
34818,114,2026-02-08 16:00:00,26,Male,North,Clothing,4,390.64,1562.56,Casual Buyers
14324,167,2026-02-08 17:00:00,38,Male,West,Clothing,1,339.98,339.98,Loyal High-Spenders
86323,120,2026-02-08 18:00:00,41,Male,East,Home,3,311.1,933.3000000000001,Loyal High-Spenders
19111,240,2026-02-08 19:00:00,51,Male,North,Beauty,3,447.31,1341.93,Casual Buyers
48110,118,2026-02-08 20:00:00,39,Male,West,Beauty,1,48.53,48.53,Loyal High-Spenders
26389,133,2026-02-08 21:00:00,20,Female,East,Electronics,2,172.15,344.3,Loyal High-Spenders
51427,177,2026-02-08 22:00:00,29,Female,West,Home,3,131.66,394.98,Loyal High-Spenders
89579,224,2026-02-08 23:00:00,45,Female,East,Beauty,4,494.13,1976.52,Casual Buyers
38746,216,2026-02-09 00:00:00,47,Male,North,Home,4,200.8,803.2,Loyal High-Spenders
97886,151,2026-02-09 01:00:00,43,Female,West,Electronics,5,368.98,1844.9,Loyal High-Spenders
10117,126,2026-02-09 02:00:00,65,Female,South,Electronics,4,345.52,1382.08,Loyal High-Spenders
94471,134,2026-02-09 03:00:00,38,Female,West,Electronics,5,113.92,569.6,Loyal High-Spenders
23234,235,2026-02-09 04:00:00,45,Female,East,Clothing,1,127.11,127.11,Loyal High-Spenders
63441,243,2026-02-09 05:00:00,43,Female,North,Home,1,147.83,147.83,Loyal High-Spenders
10846,205,2026-02-09 06:00:00,50,Female,East,Electronics,1,211.45,211.45,Loyal High-Spenders
20954,245,2026-02-09 07:00:00,38,Male,West,Home,2,124.82,249.64,Casual Buyers
89239,101,2026-02-09 08:00:00,52,Female,West,Clothing,2,19.63,39.26,Loyal High-Spenders
56514,176,2026-02-09 09:00:00,69,Female,South,Clothing,5,440.9,2204.5,Loyal High-Spenders
98236,231,2026-02-09 10:00:00,51,Female,North,Electronics,4,483.15,1932.6,Loyal High-Spenders
16469,189,2026-02-09 11:00:00,58,Female,North,Electronics,4,177.37,709.48,Loyal High-Spenders
40105,188,2026-02-09 12:00:00,68,Male,West,Beauty,1,175.87,175.87,Casual Buyers
52101,193,2026-02-09 13:00:00,64,Male,North,Home,3,13.47,40.410000000000004,Loyal High-Spenders
74323,106,2026-02-09 14:00:00,35,Female,South,Electronics,2,343.32,686.64,Casual Buyers
68067,194,2026-02-09 15:00:00,28,Female,East,Beauty,2,414.47,828.94,Loyal High-Spenders
59376,207,2026-02-09 16:00:00,40,Female,North,Home,1,81.84,81.84,Casual Buyers
55587,173,2026-02-09 17:00:00,65,Male,West,Electronics,2,88.24,176.48,Casual Buyers
46976,138,2026-02-09 18:00:00,39,Male,East,Beauty,1,397.14,397.14,Casual Buyers
77584,240,2026-02-09 19:00:00,34,Female,East,Beauty,5,311.98,1559.9,Casual Buyers
88477,170,2026-02-09 20:00:00,22,Female,South,Home,4,31.98,127.92,Loyal High-Spenders
52533,155,2026-02-09 21:00:00,61,Female,West,Beauty,3,315.05,945.1500000000001,Loyal High-Spenders
11828,141,2026-02-09 22:00:00,28,Male,North,Home,4,161.37,645.48,Loyal High-Spenders
11917,135,2026-02-09 23:00:00,47,Female,West,Home,4,190.68,762.72,Loyal High-Spenders
30618,183,2026-02-10 00:00:00,32,Male,East,Home,5,387.17,1935.8500000000001,Casual Buyers
42254,217,2026-02-10 01:00:00,44,Female,West,Clothing,2,407.36,814.72,Casual Buyers
57362,106,2026-02-10 02:00:00,52,Male,North,Beauty,3,206.17,618.51,Casual Buyers
30128,153,2026-02-10 03:00:00,50,Male,North,Home,2,474.1,948.2,Loyal High-Spenders
69383,228,2026-02-10 04:00:00,37,Female,South,Electronics,4,209.17,836.68,Loyal High-Spenders
75545,219,2026-02-10 05:00:00,33,Female,North,Clothing,1,388.2,388.2,Casual Buyers
92180,205,2026-02-10 06:00:00,51,Male,North,Clothing,4,247.1,988.4,Loyal High-Spenders
97958,146,2026-02-10 07:00:00,19,Female,West,Beauty,2,449.79,899.58,Casual Buyers
19865,222,2026-02-10 08:00:00,52,Male,West,Home,4,454.8,1819.2,Casual Buyers
12219,240,2026-02-10 09:00:00,57,Male,East,Beauty,1,52.83,52.83,Casual Buyers
49809,218,2026-02-10 10:00:00,45,Male,South,Clothing,5,468.88,2344.4,Casual Buyers
15287,249,2026-02-10 11:00:00,64,Male,West,Home,2,414.51,829.02,Casual Buyers
44387,217,2026-02-10 12:00:00,56,Female,North,Electronics,4,397.74,1590.96,Casual Buyers
18512,120,2026-02-10 13:00:00,23,Male,East,Home,2,108.45,216.9,Loyal High-Spenders
11342,236,2026-02-10 14:00:00,26,Female,West,Clothing,5,404.51,2022.55,Casual Buyers
73076,125,2026-02-10 15:00:00,37,Female,South,Electronics,4,426.57,1706.28,Casual Buyers
29216,108,2026-02-10 16:00:00,18,Male,South,Home,4,151.68,606.72,Loyal High-Spenders
89767,114,2026-02-10 17:00:00,25,Female,East,Electronics,2,476.61,953.22,Casual Buyers
36614,109,2026-02-10 18:00:00,40,Male,East,Electronics,2,34.43,68.86,Loyal High-Spenders
46258,221,2026-02-10 19:00:00,20,Female,East,Clothing,1,83.46,83.46,Loyal High-Spenders
52078,220,2026-02-10 20:00:00,21,Male,East,Electronics,5,273.41,1367.0500000000002,Loyal High-Spenders
93524,224,2026-02-10 21:00:00,42,Male,East,Beauty,1,292.14,292.14,Casual Buyers
22219,171,2026-02-10 22:00:00,64,Male,North,Clothing,4,326.12,1304.48,Casual Buyers
10235,148,2026-02-10 23:00:00,55,Male,North,Beauty,2,18.31,36.62,Casual Buyers
52929,190,2026-02-11 00:00:00,32,Male,West,Electronics,4,480.58,1922.32,Loyal High-Spenders
77444,136,2026-02-11 01:00:00,38,Female,South,Beauty,4,31.85,127.4,Casual Buyers
18567,167,2026-02-11 02:00:00,52,Female,North,Home,3,80.1,240.29999999999998,Loyal High-Spenders
80792,149,2026-02-11 03:00:00,63,Female,North,Electronics,3,16.87,50.61,Loyal High-Spenders
75441,118,2026-02-11 04:00:00,69,Female,North,Home,4,287.76,1151.04,Loyal High-Spenders
94555,199,2026-02-11 05:00:00,31,Male,West,Beauty,2,466.81,933.62,Loyal High-Spenders
83698,159,2026-02-11 06:00:00,53,Male,East,Home,4,336.31,1345.24,Casual Buyers
15415,188,2026-02-11 07:00:00,29,Male,West,Electronics,3,413.1,1239.3000000000002,Casual Buyers
46159,245,2026-02-11 08:00:00,34,Male,South,Home,2,16.51,33.02,Casual Buyers
53925,246,2026-02-11 09:00:00,56,Female,South,Beauty,4,275.59,1102.36,Casual Buyers
15951,168,2026-02-11 10:00:00,26,Female,South,Beauty,5,235.19,1175.95,Loyal High-Spenders
97388,148,2026-02-11 11:00:00,52,Male,South,Beauty,5,254.49,1272.45,Casual Buyers
18007,207,2026-02-11 12:00:00,30,Male,North,Electronics,4,45.38,181.52,Casual Buyers
51832,218,2026-02-11 13:00:00,32,Female,North,Beauty,2,345.37,690.74,Casual Buyers
68596,248,2026-02-11 14:00:00,35,Female,West,Electronics,4,256.58,1026.32,Loyal High-Spenders
40523,249,2026-02-11 15:00:00,68,Male,East,Home,4,384.92,1539.68,Casual Buyers
